name,nationality,sex,date_of_birth,height,weight,sport,gold,silver,bronze
Aaron Gate,NZL,male,11/26/1990,1.81,71,cycling,0,0,0
Aaron Royle,AUS,male,1/26/1990,1.8,67,triathlon,0,0,0
Abbubaker Mobara,RSA,male,2/18/1994,1.75,64,soccer,0,0,0
Abdelaziz Merzougui,ESP,male,8/30/1991,1.75,67,trackfield,0,0,0
Abdelghani Demmou,ALG,male,1/29/1989,1.85,75,soccer,0,0,0
Abdellatif Mohamed Ahmed Mohamed,EGY,male,12/8/1995,1.76,120,wrestling,0,0,0
Abdelmalik Lahoulou,ALG,male,5/7/1992,1.77,72,trackfield,0,0,0
Abdi Nageeye,NED,male,3/2/1989,1.65,54,trackfield,0,0,0
Abdul Khalili,SWE,male,6/7/1992,1.81,71,soccer,0,0,0
Abhinav Bindra,IND,male,9/28/1982,1.75,70,shooting,0,0,0
Abrar Osman,ERI,male,1/1/1994,1.68,58,trackfield,0,0,0
Adam Cwalina,POL,male,1/26/1985,1.87,81,badminton,0,0,0
Adam Marosi,HUN,male,7/26/1984,1.81,75,modern pentathlon,0,0,0
Adam Peaty,GBR,male,12/28/1994,1.93,88,aquatics,1,1,0
Adam Telegdy,HUN,male,11/1/1995,1.94,77,aquatics,0,0,0
Adam Viktora,SEY,male,9/6/1996,1.88,94,aquatics,0,0,0
Adel Mojallalimoghadam,IRI,male,3/21/1993,1.85,82,canoe,0,0,0
Adem Boudjemline,ALG,male,2/28/1994,1.8,85,wrestling,0,0,0
Adham Ahmed Saleh Kahk,EGY,male,6/27/1993,1.6,66,wrestling,0,0,0
Adilson da Silva,BRA,male,1/24/1972,1.7,79,golf,0,0,0
Adrian Andres Puentes Perez,CUB,male,7/3/1988,1.71,76,archery,0,0,0
Adrian Oquendo,CUB,male,2/23/1990,1.89,87,rowing,0,0,0
Adrien Niyonshuti,RWA,male,1/2/1987,1.65,68,cycling,0,0,0
Ageze Guadie,ISR,male,9/11/1989,1.75,56,trackfield,0,0,0
Ahmad Abughaush,JOR,male,2/1/1996,1.78,68,taekwondo,1,0,0
Ahmed Abelrahman,EGY,male,5/26/1996,1.65,60,judo,0,0,0
Ahmed Afifi,EGY,male,3/30/1988,1.94,92,volleyball,0,0,0
Ahmed Bader Magour,QAT,male,3/3/1996,1.9,90,trackfield,0,0,0
Ahmed El Kotb,EGY,male,7/23/1991,1.97,80,volleyball,0,0,0
Ahmed Elahmar,EGY,male,1/27/1984,1.81,79,handball,0,0,0
Ahmed El-Nemr,EGY,male,11/21/1978,1.83,84,archery,0,0,0
Ahmed Goumar,NIG,male,2/22/1988,1.8,73,judo,0,0,0
Ahmed Ibrahim,IRQ,male,2/25/1992,1.84,80,soccer,0,0,0
Ahmed Ragab,EGY,male,9/29/1991,1.74,81,sailing,0,0,0
Aiaal Lazarev,KGZ,male,3/19/1986,1.95,125,wrestling,0,0,0
Aitor Martinez Rodriguez,ESP,male,8/22/1993,1.83,78,aquatics,0,0,0
Akashdeep Singh,IND,male,12/2/1994,1.78,70,hockey,0,0,0
Akira Yanase,JPN,male,8/11/1988,1.91,95,aquatics,0,0,0
Alaa Ali,IRQ,male,6/3/1996,1.78,68,soccer,0,0,0
Alade Aminu,NGR,male,9/14/1987,2.1,102,basketball,0,0,0
Alan Sinclair,GBR,male,10/16/1985,1.92,96,rowing,0,0,0
Albert Espanol Lifante,ESP,male,10/29/1985,1.89,86,aquatics,0,0,0
Albert Puig Garrich,ESP,male,4/1/1994,1.84,78,aquatics,0,0,0
Alberth Elis,HON,male,2/12/1996,1.84,77,soccer,0,0,0
Alec Potts,AUS,male,2/9/1996,1.85,77,archery,0,0,1
Aleksandar Aleksandrov,AZE,male,4/9/1990,1.89,93,rowing,0,0,0
Aleksandar RADOVIC,MNE,male,2/24/1987,1.91,98,aquatics,0,0,0
Aleksandr Krasnykh,RUS,male,6/19/1995,1.88,80,aquatics,0,0,0
Aleksandr Lipatov,RUS,male,6/10/1981,1.84,77,canoe,0,0,0
Alessandro Velotto,ITA,male,2/12/1995,1.86,85,aquatics,0,0,1
Alex Kennedy,NZL,male,10/13/1992,1.96,96,rowing,0,0,0
Alex Sobers,BAR,male,11/13/1998,1.88,66,aquatics,0,0,0
Alexander Brouwer,NED,male,11/3/1989,1.98,90,volleyball,0,0,1
Alexander Karwoski,USA,male,9/16/1990,1.94,90,rowing,0,0,0
Alexander Kosenkow,GER,male,3/14/1977,1.78,74,trackfield,0,0,0
Alexander Molerio Quintana,CUB,male,9/19/1991,1.69,75,shooting,0,0,0
Alexander Sukhorukov,RUS,male,2/22/1988,1.96,93,aquatics,0,0,0
Alexandre Bouzaid,SEN,male,6/29/1981,1.68,75,fencing,0,0,0
Alexandre de Paeuw,BEL,male,10/7/1988,1.78,75,hockey,0,0,0
Alexey Dergunov,KAZ,male,9/16/1984,1.87,95,canoe,0,0,0
Alexis Raynaud,FRA,male,8/19/1994,1.72,78,shooting,0,0,1
Alhussein Gambour,LBA,male,8/21/1989,1.75,68,rowing,0,0,0
Aliaksandr Buikevich,BLR,male,11/19/1984,1.91,80,fencing,0,0,0
Alin George Moldoveanu,ROU,male,5/3/1983,1.73,73,shooting,0,0,0
Alireza Mohammad Karimimachiani,IRI,male,3/21/1994,1.75,86,wrestling,0,0,0
Alistair Bond,NZL,male,8/16/1989,1.86,71,rowing,0,0,0
Allan do carmo,BRA,male,8/3/1989,1.74,73,aquatics,0,0,0
Allan Norregaard,DEN,male,3/19/1981,1.73,67,sailing,0,0,0
Allistar Clarke,SKN,male,10/3/1990,1.87,71,trackfield,0,0,0
Alonso Edward,PAN,male,12/8/1989,1.81,76,trackfield,0,0,0
Alvaro de Arriba,ESP,male,6/2/1994,1.77,69,trackfield,0,0,0
Alvin Singh,FIJ,male,6/9/1988,1.85,88,soccer,0,0,0
Amadou Camara,GUI,male,9/10/1994,1.63,69,aquatics,0,0,0
Amadou Ndiaye,SEN,male,12/6/1992,1.8,80,trackfield,0,0,0
Aman Wote,ETH,male,4/18/1984,1.83,68,trackfield,0,0,0
Amanmurad Hommadov,TKM,male,1/28/1989,1.9,117,trackfield,0,0,0
Amas Daniel,NGR,male,4/26/1990,1.65,65,wrestling,0,0,0
Ameer Webb,USA,male,3/19/1991,1.81,82,trackfield,0,0,0
Amini Tuitavake Fonua,TGA,male,12/14/1989,1.86,80,aquatics,0,0,0
Anass Ait El Abdia,MAR,male,3/21/1993,1.8,66,cycling,0,0,0
Anass Houssein,DJI,male,1/10/1995,1.75,66,judo,0,0,0
Andras Parti,HUN,male,9/18/1982,1.74,67,cycling,0,0,0
Andras Redli,HUN,male,10/21/1983,1.93,82,fencing,0,0,1
Andrea Tiberi,ITA,male,11/15/1985,1.83,71,cycling,0,0,0
Andreas Bretschneider,GER,male,8/4/1989,1.67,60,gymnastics,0,0,0
Andreas Schilling,DEN,male,5/25/1991,1.85,70,triathlon,0,0,0
Andreas Wolff,GER,male,3/3/1991,1.98,110,handball,0,0,1
Andrei Gag,ROU,male,4/27/1991,1.91,120,trackfield,0,0,0
Andrei Vasile Muntean,ROU,male,1/30/1993,1.7,63,gymnastics,0,0,0
Andrej Martin,SVK,male,9/20/1989,1.8,72,tennis,0,0,0
Andres Renteria,COL,male,3/6/1993,1.81,81,soccer,0,0,0
Andrew Chetcuti,MLT,male,11/19/1992,1.77,72,aquatics,0,0,0
Andrew Durutalo,USA,male,10/25/1987,1.88,107,rugby sevens,0,0,0
Andrew Riley,JAM,male,9/6/1988,1.85,82,trackfield,0,0,0
Andrew Vernon,GBR,male,1/7/1986,1.82,71,trackfield,0,0,0
Andrey Ashchev,RUS,male,5/10/1983,2.02,105,volleyball,0,0,0
Andrey Grechin,RUS,male,10/21/1987,1.99,99,aquatics,0,0,0
Andrey Kraitor,RUS,male,11/5/1992,1.79,90,canoe,0,0,0
Andrey Kuznetsov,RUS,male,2/22/1991,1.85,72,tennis,0,0,0
Andrius Gudzius,LTU,male,2/14/1991,2,130,trackfield,0,0,0
Andriy Kvyatkovskyy,UKR,male,2/2/1990,1.75,65,wrestling,0,0,0
Andriy Protsenko,UKR,male,5/20/1988,1.94,80,trackfield,0,0,0
Angel Kodinov,BUL,male,9/4/1997,1.88,88,canoe,0,0,0
Angel Pulgar,VEN,male,2/7/1989,1.74,79,cycling,0,0,0
Antanas Kavaliauskas,LTU,male,9/19/1984,2.08,114,basketball,0,0,0
Anthony Terras,FRA,male,6/21/1985,1.7,69,shooting,0,0,0
Antoine Bouchard,CAN,male,8/24/1994,1.8,66,judo,0,0,0
Antoine Diot,FRA,male,1/17/1989,1.93,86,basketball,0,0,0
Antoine Duchesne,CAN,male,9/12/1991,1.89,73,cycling,0,0,0
Anton Avdeev,RUS,male,9/8/1986,1.74,85,fencing,0,0,0
Anton Braun,GER,male,4/28/1990,2.02,104,rowing,0,0,0
Anton Dahlberg,SWE,male,5/10/1985,1.82,71,sailing,0,0,0
Anton Ipsen,DEN,male,9/4/1994,1.86,74,aquatics,0,0,0
Anton Sudesh Peiris Kurukulasooriyage,SRI,male,2/3/1985,1.65,62,weightlifting,0,0,0
Anton Zarutskiy,RUS,male,4/27/1986,1.95,94,rowing,0,0,0
Antoni Kindler,CAN,male,5/16/1988,1.88,85,hockey,0,0,0
Antonio Alkana,RSA,male,4/12/1990,1.83,76,trackfield,0,0,0
Anze Tavcar,SLO,male,12/2/1994,1.87,79,aquatics,0,0,0
Apostolos Parellis,CYP,male,7/24/1985,1.86,110,trackfield,0,0,0
Arakel Mirzoyan,ARM,male,10/21/1989,1.7,84,weightlifting,0,0,0
Ardo Arusaar,EST,male,6/24/1988,1.81,102,wrestling,0,0,0
Ariya Phounsavath,LAO,male,3/2/1991,1.82,58,cycling,0,0,0
Arman-Marshall Silla,BLR,male,7/13/1994,2.03,105,taekwondo,0,0,0
Arokia Rajiv,IND,male,5/22/1991,1.77,64,trackfield,0,0,0
Aron Gadorfalvi,HUN,male,12/5/1977,1.84,73,sailing,0,0,0
Artem Ermakov,RUS,male,3/16/1982,1.88,80,volleyball,0,0,0
Artem Pochtarov,UKR,male,7/24/1993,1.83,77,badminton,0,0,0
Arthur Bergo,BRA,male,3/7/1994,1.83,83,rugby sevens,0,0,0
Arthur Mariano,BRA,male,9/18/1993,1.69,65,gymnastics,0,0,1
Arthur van Doren,BEL,male,10/1/1994,1.78,74,hockey,0,1,0
Artur Kozlowski,POL,male,1/19/1985,1.69,54,trackfield,0,0,0
Arturo Chavez,PER,male,1/12/1990,1.9,76,trackfield,0,0,0
Artuur Peters,BEL,male,10/26/1996,1.93,95,canoe,0,0,0
Arya Nasimi Shad,IRI,male,11/7/1999,1.78,68,aquatics,0,0,0
Ashley McKenzie,GBR,male,7/17/1989,1.68,60,judo,0,0,0
Ashraf Abouelhassan,EGY,male,5/17/1975,1.86,86,volleyball,0,0,0
Asmir Kolasinac,SRB,male,10/15/1984,1.87,140,trackfield,0,0,0
Asnage Castelly,HAI,male,3/29/1978,1.82,74,wrestling,0,0,0
Atef Saad,TUN,male,3/20/1988,1.76,57,trackfield,0,0,0
Attapon Uea-Aree,THA,male,11/18/1989,1.75,78,shooting,0,0,0
Attila Kugler,HUN,male,9/16/1986,1.86,89,canoe,0,0,0
Augustine Lugonzo,KEN,male,7/29/1992,1.83,86,rugby sevens,0,0,0
Augusto de Paula,BRA,male,6/20/1988,1.82,79,hockey,0,0,0
Augusto Lima,BRA,male,9/17/1991,2.06,118,basketball,0,0,0
Aurimas Adomavicius,LTU,male,9/23/1993,2.04,100,rowing,0,0,0
Aurimas Didzbalis,LTU,male,6/13/1991,1.72,92,weightlifting,0,0,1
Aurimas Lankas,LTU,male,9/7/1985,1.78,89,canoe,0,0,1
Austin Hack,USA,male,5/17/1992,2.04,99,rowing,0,0,0
Avtandili Tchrikishvili,GEO,male,3/18/1991,1.82,80,judo,0,0,0
Axel Muller,ARG,male,11/25/1993,1.83,84,rugby sevens,0,0,0
Ayman Fayez,EGY,male,3/3/1991,1.81,72,fencing,0,0,0
Azizulhasni Awang,MAS,male,1/5/1988,1.66,69,cycling,0,0,1
Azmy Mehelba,EGY,male,3/26/1991,1.72,77,shooting,0,0,0
Baard Magnus Nesteng,NOR,male,5/14/1979,1.83,80,archery,0,0,0
Badawy Mohamed Moneim,EGY,male,1/11/1986,1.95,91,volleyball,0,0,0
Baghdad Bounedjah,ALG,male,11/24/1991,1.89,75,soccer,0,0,0
Balla Dieye,SEN,male,11/13/1980,1.88,68,taekwondo,0,0,0
Barakat Mubarak Al-Harthi,OMA,male,6/15/1988,1.73,67,trackfield,0,0,0
Barna Bor,HUN,male,12/12/1986,1.91,130,judo,0,0,0
Bas Verwijlen,NED,male,10/1/1983,1.9,85,fencing,0,0,0
Bassem Hassan Mohammed,QAT,male,5/31/1987,1.77,78,equestrian,0,0,0
Bastian Steger,GER,male,3/19/1981,1.7,65,table tennis,0,0,1
Bauke Mollema,NED,male,11/26/1986,1.84,68,cycling,0,0,0
Baul An,KOR,male,3/25/1994,1.69,66,judo,0,1,0
Bayron Guama de la Cruz,ECU,male,6/14/1985,1.65,61,cycling,0,0,0
Beka Gviniashvili,GEO,male,10/26/1995,1.75,95,judo,0,0,0
Bekzod Abdurakhmonov,UZB,male,3/15/1990,1.72,74,wrestling,0,0,0
Ben Schwietert,NED,male,2/16/1997,1.92,83,aquatics,0,0,0
Ben St Lawrence,AUS,male,11/7/1981,1.79,65,trackfield,0,0,0
Ben Uzoh,NGR,male,3/18/1988,1.91,92,basketball,0,0,0
Bence Pulai,HUN,male,10/27/1991,1.93,89,aquatics,0,0,0
Benjamin Auffret,FRA,male,3/15/1995,1.66,54,aquatics,0,0,0
Benjamin Ceiner,HUN,male,4/24/1992,1.97,94,canoe,0,0,0
Benjamin Lang,FRA,male,2/4/1987,1.86,86,rowing,0,0,0
Benjamin Waterhouse,ASA,male,6/11/1985,1.72,71,judo,0,0,0
Bernardin Ledoux Kingue Matam,FRA,male,5/20/1990,1.63,69,weightlifting,0,0,0
Bernardo Baloyes,COL,male,1/6/1994,1.68,66,trackfield,0,0,0
Bernardo Oneto Gomes,BRA,male,11/12/1993,1.88,90,aquatics,0,0,0
Bernd Wiesberger,AUT,male,10/8/1985,1.89,89,golf,0,0,0
Bernhard Sieber,AUT,male,8/6/1990,1.8,72,rowing,0,0,0
Billy Besson,FRA,male,3/8/1981,1.69,69,sailing,0,0,0
Billy Odhiambo,KEN,male,11/7/1993,1.84,95,rugby sevens,0,0,0
Billy Scott Irakoze,BDI,male,10/30/1996,1.96,74,aquatics,0,0,0
Blair Cameron Bann,CAN,male,2/26/1988,1.84,84,volleyball,0,0,0
Bogdan Nikishin,UKR,male,5/29/1980,1.88,85,fencing,0,0,0
Bohdan Bondarenko,UKR,male,8/30/1989,1.98,77,trackfield,0,0,1
Bojan Bogdanovic,CRO,male,4/18/1989,2,103,basketball,0,0,0
Bokai Huang,CHN,male,9/26/1996,1.9,78,trackfield,0,0,0
Bongil Gu,KOR,male,4/27/1989,1.82,70,fencing,0,0,0
Boniface Mucheru Tumuti,KEN,male,5/2/1992,1.75,72,trackfield,0,1,0
Boris Berian,USA,male,12/19/1992,1.83,69,trackfield,0,0,0
Borislav Stefanov Novachkov,BUL,male,11/29/1989,1.7,71,wrestling,0,0,0
Borja Fernandez,QAT,male,12/25/1981,2.06,110,handball,0,0,0
Bostjan Macek,SLO,male,6/17/1972,1.74,118,shooting,0,0,0
Bradlee Ashby,NZL,male,11/23/1995,2,92,aquatics,0,0,0
Brandon Jones,BIZ,male,7/19/1987,1.99,86,trackfield,0,0,0
Brandon McBride,CAN,male,6/15/1994,1.93,74,trackfield,0,0,0
Brandon Stone,RSA,male,4/20/1993,1.8,65,golf,0,0,0
Brayan Garcia,HON,male,5/26/1993,1.75,69,soccer,0,0,0
Bredni Roque Mendoza,MEX,male,11/11/1987,1.6,69,weightlifting,0,0,0
Brendan Hodge,CAN,male,12/31/1984,1.8,72,rowing,0,0,0
Brendon Reading,AUS,male,1/26/1989,1.83,62,trackfield,0,0,0
Brendon Rodney,CAN,male,4/9/1992,1.95,80,trackfield,0,0,1
Bret Bonanni,USA,male,1/20/1994,1.94,92,aquatics,0,0,0
Brett Robinson,AUS,male,5/8/1991,1.76,60,trackfield,0,0,0
Brian Baker,USA,male,4/30/1985,1.91,77,tennis,0,0,0
Brice Leverdez,FRA,male,4/9/1986,1.8,75,badminton,0,0,0
Briken Calja,ALB,male,2/19/1990,1.7,69,weightlifting,0,0,0
Bruno de Barros,BRA,male,1/7/1987,1.82,85,trackfield,0,0,0
Bruno Fernandes,POR,male,9/8/1994,1.82,80,soccer,0,0,0
Bryan Gabriel Sola Zambrano,ECU,male,4/3/1992,1.78,75,rowing,0,0,0
Bryden Nicholas,COK,male,3/10/1989,1.7,70,canoe,0,0,0
Bubba Watson,USA,male,11/5/1978,1.91,81,golf,0,0,0
Buly da Conceicao Triste,STP,male,7/4/1991,1.64,58,canoe,0,0,0
Byeongkwang Choe,KOR,male,4/7/1991,1.85,73,trackfield,0,0,0
Byron Robinson,USA,male,5/10/1995,1.76,74,trackfield,0,0,0
C.T. Pan,TPE,male,11/12/1991,1.68,65,golf,0,0,0
Callum Scotson,AUS,male,8/10/1996,1.84,77,cycling,0,1,0
Carl Fredrik Stefan Schoen,SWE,male,7/11/1987,1.87,102,wrestling,0,0,0
Carlin Isles,USA,male,11/21/1989,1.73,74,rugby sevens,0,0,0
Carlos Alberto Ramirez Yepes,COL,male,3/12/1994,1.78,65,cycling,0,0,1
Carlos Claverie,VEN,male,9/19/1996,1.95,85,aquatics,0,0,0
Carlos Lemos,COL,male,6/3/1988,1.83,76,trackfield,0,0,0
Carlos Parro,BRA,male,6/5/1979,1.79,76,equestrian,0,0,0
Casper Mortensen,DEN,male,12/14/1989,1.9,88,handball,1,0,0
Cazuo Matsumoto,BRA,male,8/2/1985,1.8,88,table tennis,0,0,0
Cedric Charlier,BEL,male,11/27/1987,1.81,81,hockey,0,1,0
Cedric Sorhaindo,FRA,male,6/7/1984,1.92,110,handball,0,1,0
Cenk Ildem,TUR,male,1/5/1986,1.8,98,wrestling,0,0,1
Chad Guy Bertrand le Clos,RSA,male,4/12/1992,1.9,83,aquatics,0,2,0
Chafik Bouaoud,ALG,male,2/12/1999,1.77,74,shooting,0,0,0
Chagnaadorj Usukhbayar,MGL,male,5/6/1997,1.55,56,weightlifting,0,0,0
Chain Singh,IND,male,4/5/1989,1.72,68,shooting,0,0,0
Chakir Ansari,MAR,male,6/22/1991,1.68,57,wrestling,0,0,0
Chamara Repiyallage,SRI,male,5/10/1992,1.6,73,judo,0,0,0
Chamberlain Oguchi,NGR,male,4/28/1986,1.98,90,basketball,0,0,0
Chandanda Thimmaiah,IND,male,1/18/1991,1.71,61,hockey,0,0,0
Chandong Lee,KOR,male,1/10/1993,1.83,83,soccer,0,0,0
Changjin Moon,KOR,male,7/12/1993,1.7,63,soccer,0,0,0
Charles Chibana,BRA,male,9/11/1989,1.63,66,judo,0,0,0
Charles Fernandez,GUA,male,12/28/1995,1.81,74,modern pentathlon,0,0,0
Charles Kahudi,FRA,male,7/19/1986,1.97,104,basketball,0,0,0
Charlie Grice,GBR,male,11/7/1993,1.82,70,trackfield,0,0,0
Chavaughn Walsh,ANT,male,12/29/1987,1.8,72,trackfield,0,0,0
Chien-An Chen,TPE,male,6/16/1991,1.7,72,table tennis,0,0,0
Choaib Belhaj Salah,TUN,male,6/4/1987,1.94,93,volleyball,0,0,0
Chris Adcock,GBR,male,4/27/1989,1.83,80,badminton,0,0,0
Chris Mears,GBR,male,2/7/1993,1.73,73,aquatics,1,0,0
Chris O'Hare,GBR,male,11/23/1990,1.78,63,trackfield,0,0,0
Chris Walker-Hebborn,GBR,male,7/1/1990,1.84,84,aquatics,0,1,0
Chris Winter,CAN,male,7/22/1986,1.88,75,trackfield,0,0,0
Christian Peter Lubeck,DEN,male,4/23/1991,1.86,81,sailing,0,0,0
Christian Presciutti,ITA,male,11/27/1982,1.84,87,aquatics,0,0,1
Christoph Fildebrandt,GER,male,5/27/1989,1.93,80,aquatics,0,0,0
Christophe Lemaitre,FRA,male,6/11/1990,1.9,74,trackfield,0,0,1
Christopher Cargo,IRL,male,2/18/1986,1.82,79,hockey,0,0,0
Christopher Froome,GBR,male,5/20/1985,1.85,69,cycling,0,0,1
Christopher Harris,NZL,male,10/19/1985,1.87,89,rowing,0,0,0
Christopher Valdez,DOM,male,11/1/1994,1.7,63,trackfield,0,0,0
Chun Hei Reginald Lee,HKG,male,1/25/1994,1.7,72,badminton,0,0,0
Chun Ting Wong,HKG,male,9/7/1991,1.7,70,table tennis,0,0,0
Chun-Hsien Hsiang,TPE,male,9/4/1993,1.86,70,trackfield,0,0,0
Ciril Grossklaus,SUI,male,4/17/1991,1.85,90,judo,0,0,0
Clarence Munyai,RSA,male,2/20/1998,1.7,65,trackfield,0,0,0
Colin Oates,GBR,male,6/7/1983,1.7,71,judo,0,0,0
Collins Injera,KEN,male,10/18/1986,1.82,90,rugby sevens,0,0,0
Constantin Adam,ROU,male,7/12/1996,2.02,105,rowing,0,0,0
Cristian Borja,COL,male,2/18/1993,1.79,72,soccer,0,0,0
Cristian Poglajen,ARG,male,7/14/1989,1.95,94,volleyball,0,0,0
Cristi-Ilie Pirghie,ROU,male,7/20/1992,2.02,108,rowing,0,0,0
Cristopher Joel Pavon Funes,HON,male,4/18/1993,1.73,93,weightlifting,0,0,0
Cyril Graff,FRA,male,9/11/1980,1.7,64,shooting,0,0,0
Cyril Tommasone,FRA,male,7/4/1987,1.71,62,gymnastics,0,0,0
Cyrille Carre,FRA,male,4/11/1984,1.84,75,canoe,0,0,0
D J Forbes,NZL,male,12/15/1982,1.89,103,rugby sevens,0,0,0
Dagnis Iljins,LAT,male,8/20/1992,1.78,82,canoe,0,0,0
Daichi Sugimoto,JPN,male,7/15/1993,1.86,79,soccer,0,0,0
Daisuke Fukushima,JPN,male,9/20/1977,1.78,68,equestrian,0,0,0
Damian Wierling,GER,male,2/13/1996,1.96,74,aquatics,0,0,0
Damien Cler,FRA,male,10/2/1983,1.85,95,rugby sevens,0,0,0
Damir Dugonjic,SLO,male,2/21/1988,2.02,105,aquatics,0,0,0
Dan Wallace,GBR,male,4/14/1993,1.88,80,aquatics,0,1,0
Dane Bird-Smith,AUS,male,7/15/1992,1.87,72,trackfield,0,0,1
Dane Sampson,AUS,male,8/20/1986,1.83,89,shooting,0,0,0
Daniel Deusser,GER,male,8/13/1981,1.9,76,equestrian,0,0,1
Daniel Flores,VEN,male,10/17/1981,1.8,73,sailing,0,0,0
Daniel Havel,CZE,male,8/10/1991,1.78,79,canoe,0,0,1
Daniel Macovei,ROU,male,9/15/1992,1.85,71,aquatics,0,0,0
Daniel Martin,IRL,male,8/20/1986,1.76,63,cycling,0,0,0
Daniel McConnell,AUS,male,8/9/1985,1.8,70,cycling,0,0,0
Daniel Narcisse,FRA,male,12/16/1979,1.89,93,handball,0,1,0
Daniel Rezende Xavier,BRA,male,8/31/1982,1.91,81,archery,0,0,0
Daniel Talbot,GBR,male,5/1/1991,1.84,73,trackfield,0,0,0
Daniel Willcox,NZL,male,6/8/1990,1.79,72,sailing,0,0,0
Daniele Lupo,ITA,male,5/6/1991,1.93,83,volleyball,0,1,0
Danijel Furtula,MNE,male,7/31/1992,1.93,118,trackfield,0,0,0
Danijel Saric,QAT,male,6/27/1977,1.95,92,handball,0,0,0
Darko Brguljan,MNE,male,11/5/1990,1.8,97,aquatics,0,0,0
Darko Cingesar,SLO,male,7/25/1990,1.87,93,handball,0,0,0
Darko Planinic,CRO,male,11/22/1990,2.11,120,basketball,0,0,0
Darlan Romani,BRA,male,4/9/1991,1.87,90,trackfield,0,0,0
Darrell Wesh,HAI,male,1/21/1992,1.83,160,trackfield,0,0,0
Darwin Espinal,HON,male,1/16/1995,1.78,76,soccer,0,0,0
Daryl Impey,RSA,male,12/6/1984,1.83,70,cycling,0,0,0
Daulet Shabanbay,KAZ,male,8/9/1983,1.9,125,wrestling,0,0,0
Dave Hughes,USA,male,1/22/1978,1.86,71,sailing,0,0,0
David Alegre,ESP,male,9/6/1984,1.84,75,hockey,0,0,0
David Ames,GBR,male,6/25/1989,1.88,82,hockey,0,0,0
David Brandl,AUT,male,4/19/1987,1.88,85,aquatics,0,0,0
David Carver,MRI,male,9/5/1987,1.83,68,trackfield,0,0,0
David Chapman,AUS,male,3/22/1965,1.67,72,shooting,0,0,0
David Condon,GBR,male,7/6/1991,1.8,79,hockey,0,0,0
David Cubillan,VEN,male,7/27/1987,1.83,79,basketball,0,0,0
David Fernandes,POR,male,9/8/1983,1.81,82,canoe,0,0,0
David Ferrer,ESP,male,4/2/1982,1.75,73,tennis,0,0,0
David Goffin,BEL,male,12/7/1990,1.8,69,tennis,0,0,0
David Graf,SUI,male,9/8/1989,1.8,79,cycling,0,0,0
David Harte,IRL,male,4/3/1988,1.95,94,hockey,0,0,0
David Higgins,USA,male,6/27/1994,1.76,68,shooting,0,0,0
David Jessen,CZE,male,12/5/1996,1.75,68,gymnastics,0,0,0
David Lingmerth,SWE,male,7/22/1987,1.7,80,golf,0,0,0
David Mauricio Mier Y Teran Cuevas,MEX,male,8/7/1978,1.72,68,sailing,0,0,0
David Miklavcic,SLO,male,1/29/1983,1.96,100,handball,0,0,0
David Smith,USA,male,5/15/1985,2.01,86,volleyball,0,0,1
David Svoboda,CZE,male,3/19/1985,1.83,76,modern pentathlon,0,0,0
David Verburg,USA,male,5/14/1991,1.73,70,trackfield,1,0,0
Dawit Wolde,ETH,male,5/19/1991,1.8,64,trackfield,0,0,0
DeAndre Jordan,USA,male,7/21/1988,2.11,120,basketball,1,0,0
Deiver Machado,COL,male,9/2/1993,1.79,71,soccer,0,0,0
Deividas Margevicius,LTU,male,4/26/1995,1.87,80,aquatics,0,0,0
Denis Gribanov,RUS,male,6/3/1986,1.9,74,sailing,0,0,0
Denis Koulakov,RUS,male,11/21/1982,1.74,80,shooting,0,0,0
Denis Maksymilian Kudla,GER,male,12/24/1994,1.84,90,wrestling,0,0,1
Denis Ulanov,KAZ,male,10/28/1993,1.75,85,weightlifting,0,0,0
Deniss Karpak,EST,male,7/18/1986,2,100,sailing,0,0,0
Dennis Goossens,BEL,male,12/16/1993,1.6,65,gymnastics,0,0,0
Denys Molchanov,UKR,male,5/16/1987,1.9,82,tennis,0,0,0
Deo Gracia Ngokaba,CGO,male,5/17/1997,1.9,140,judo,0,0,0
Desler Puggaard,DEN,male,2/19/1995,1.87,71,soccer,0,0,0
Devin McEwan,USA,male,10/11/1984,1.78,77,canoe,0,0,0
Devindar Walmiki,IND,male,5/28/1992,1.78,69,hockey,0,0,0
Devon Allen,USA,male,12/12/1994,1.86,83,trackfield,0,0,0
Dex Elmont,NED,male,1/10/1984,1.75,73,judo,0,0,0
Diaaeldin Kamal Gouda Abdelmottaleb,EGY,male,5/2/1993,1.77,125,wrestling,0,0,0
Diego Colorado,COL,male,8/31/1973,1.69,62,trackfield,0,0,0
Diego Hypolito,BRA,male,6/19/1986,1.7,68,gymnastics,0,1,0
Diego Occhiuzzi,ITA,male,4/30/1981,1.8,76,fencing,0,0,0
Diego Palomeque,COL,male,12/5/1993,1.78,67,trackfield,0,0,0
Dienov Andres Koka,CGO,male,8/2/1996,1.73,68,aquatics,0,0,0
Dilshodjon Turdiev,UZB,male,10/19/1991,1.72,75,wrestling,0,0,0
Dimitar Angelov Kumchev,BUL,male,4/20/1980,1.8,125,wrestling,0,0,0
Dimitri Bascou,FRA,male,7/20/1987,1.81,80,trackfield,0,0,1
Dimitri Juliet,NED,male,3/28/1996,1.81,80,trackfield,0,0,0
Dimitrije Grgic,SRB,male,6/22/1984,1.91,82,shooting,0,0,0
Diogo Abreu,POR,male,9/5/1993,1.84,75,gymnastics,0,0,0
Diogo Sclebin,BRA,male,5/6/1982,1.9,80,triathlon,0,0,0
Dion Dreesens,NED,male,4/30/1993,1.95,88,aquatics,0,0,0
Dirk Uittenbogaard,NED,male,5/8/1990,1.99,93,rowing,0,0,1
Dmitry Zherebchenko,RUS,male,6/27/1989,1.85,78,fencing,0,0,0
Dmytro Karyuchenko,UKR,male,1/15/1980,1.79,79,fencing,0,0,0
Dmytro Kosynskyy,UKR,male,3/31/1989,1.98,105,trackfield,0,0,0
Domenic Weinstein,GER,male,8/27/1994,1.88,83,cycling,0,0,0
Domenico Montrone,ITA,male,5/1/1986,1.89,97,rowing,0,0,1
Dominykas Jancionis,LTU,male,2/28/1993,1.92,95,rowing,0,0,0
Donald Thomas,BAH,male,7/10/1984,1.91,81,trackfield,0,0,0
Donghan Gwak,KOR,male,4/20/1992,1.83,90,judo,0,0,1
Dongjun Kim,KOR,male,12/19/1994,1.88,84,soccer,0,0,0
Dongmin Cha,KOR,male,8/24/1986,1.9,91,taekwondo,0,0,1
Dorian Mortelette,FRA,male,11/24/1983,1.95,90,rowing,0,0,0
Douglas Correia de Souza,BRA,male,8/20/1995,1.99,75,volleyball,1,0,0
Douglas Santos,BRA,male,3/22/1994,1.73,69,soccer,1,0,0
Drasko Brguljan,MNE,male,12/27/1984,1.94,92,aquatics,0,0,0
Driss Lahrichi,MAR,male,12/2/1997,1.9,83,aquatics,0,0,0
Dumitru Captari,ROU,male,7/12/1989,1.68,77,weightlifting,0,0,0
Duobujie,CHN,male,2/16/1994,1.75,55,trackfield,0,0,0
Dusan Majdan,SVK,male,9/8/1987,1.8,67,trackfield,0,0,0
Dustin Tynes,BAH,male,3/7/1996,1.85,75,aquatics,0,0,0
Dylan Borlee,BEL,male,9/20/1992,1.9,78,trackfield,0,0,0
Dylan Bosch,RSA,male,7/17/1993,1.78,75,aquatics,0,0,0
Dylan Fletcher-Scott,GBR,male,4/3/1988,1.76,78,sailing,0,0,0
Ebi Ere,NGR,male,8/3/1981,1.96,97,basketball,0,0,0
Eder Carbonera,BRA,male,10/19/1983,2.05,107,volleyball,1,0,0
Edgar Contreras,VEN,male,7/16/1992,1.78,67,taekwondo,0,0,0
Edgar Pineda Zeta,GUA,male,8/17/1997,1.62,56,weightlifting,0,0,0
Eduard Popp,GER,male,6/16/1991,1.9,128,wrestling,0,0,0
Eduardo Alvarez Aznar,ESP,male,1/1/1984,1.73,67,equestrian,0,0,0
Eduardo Solaeche Gomez,ESP,male,11/22/1993,1.83,79,aquatics,0,0,0
Edward Dawkins,NZL,male,7/11/1989,1.85,93,cycling,0,1,0
Edward King,USA,male,6/14/1989,1.94,77,rowing,0,0,0
Eelco Sintnicolaas,NED,male,4/7/1987,1.86,80,trackfield,0,0,0
Egor Kliuka,RUS,male,6/15/1995,2.08,93,volleyball,0,0,0
Eider Arevalo,COL,male,3/9/1993,1.65,60,trackfield,0,0,0
Eita Mori,JPN,male,4/13/1983,1.73,76,shooting,0,0,0
El Mahadi Messaoudi,MAR,male,2/12/1990,1.68,59,wrestling,0,0,0
Elder Torres,HON,male,4/14/1995,1.76,69,soccer,0,0,0
Eleftherios Petrounias,GRE,male,11/30/1990,1.64,62,gymnastics,1,0,0
Elijah Motonei Manangoi,KEN,male,1/5/1993,1.85,62,trackfield,0,0,0
Eliud Kipchoge,KEN,male,11/5/1984,1.67,57,trackfield,1,0,0
Elmar Gasimov,AZE,male,11/2/1990,1.88,100,judo,0,1,0
Elroy Gelant,RSA,male,8/25/1986,1.75,61,trackfield,0,0,0
Emanuel Silva,POR,male,12/4/1985,1.86,87,canoe,0,0,0
Emiliano Grillo,ARG,male,9/14/1992,1.78,78,golf,0,0,0
Emmanouil Mylonakis,GRE,male,4/9/1985,1.85,75,aquatics,0,0,0
Emmanuel Stockbroekx,BEL,male,12/23/1993,1.89,88,hockey,0,1,0
Enrico Garozzo,ITA,male,6/21/1989,1.9,70,fencing,0,1,0
Enzo Khasz,FRA,male,8/13/1993,2.03,105,aquatics,0,0,0
Enzo Yanez,CHI,male,9/13/1985,1.74,63,trackfield,0,0,0
Epke Zonderland,NED,male,4/16/1986,1.73,69,gymnastics,0,0,0
Erdinc Kebapci,TUR,male,6/27/1993,1.91,77,shooting,0,0,0
Eric Johannesen,GER,male,7/16/1988,1.93,100,rowing,0,1,0
Eric Lamaze,CAN,male,4/17/1968,1.7,65,equestrian,0,0,1
Eric Murray,NZL,male,5/6/1982,1.95,98,rowing,1,0,0
Eric Woelfl,CAN,male,7/18/1989,1.93,69,rowing,0,0,0
Erick Gutierrez,MEX,male,6/15/1995,1.76,70,soccer,0,0,0
Erik Kynard,USA,male,2/3/1991,1.94,89,trackfield,0,0,0
Erlon de Souza Silva,BRA,male,6/23/1991,1.75,78,canoe,0,1,0
Ernst Rost-Onnes,BRA,male,12/5/1985,1.84,76,hockey,0,0,0
Ersin Tacir,TUR,male,4/1/1985,1.7,61,trackfield,0,0,0
Erwin Maldonado,VEN,male,7/25/1983,1.7,70,aquatics,0,0,0
Esteban Grimalt,CHI,male,1/9/1991,1.9,88,volleyball,0,0,0
Eugene Wang,CAN,male,11/13/1985,1.74,80,table tennis,0,0,0
Evan Jager,USA,male,3/8/1989,1.88,65,trackfield,0,1,0
Evandro Goncalves Oliveira Junior,BRA,male,7/17/1990,2.1,105,volleyball,0,0,0
Evgenii Kuznetsov,RUS,male,4/12/1990,1.73,65,aquatics,0,0,0
Evgenii Lukantsov,RUS,male,12/5/1991,1.87,91,canoe,0,0,0
Evgeny Donskoy,RUS,male,5/9/1990,1.84,76,tennis,0,0,0
Evgeny Rylov,RUS,male,9/23/1996,1.84,73,aquatics,0,0,1
Ezequiel Unsain,ARG,male,3/9/1995,1.76,75,soccer,0,0,0
Fa Quan Bai,CHN,male,3/18/1986,1.73,66,triathlon,0,0,0
Fabian Drzyzga,POL,male,1/3/1990,1.96,90,volleyball,0,0,0
Fabian Kauter,SUI,male,9/22/1985,1.81,83,fencing,0,0,0
Fabian Wiede,GER,male,2/8/1994,1.94,94,handball,0,0,1
Fabrizio Zanotti,PAR,male,5/21/1983,1.69,70,golf,0,0,0
Fahad Talib,IRQ,male,10/21/1994,1.9,84,soccer,0,0,0
Fares Ferjani,TUN,male,7/22/1997,1.75,60,fencing,0,0,0
Farzan Ashourzadeh Fallah,IRI,male,11/25/1996,1.85,58,taekwondo,0,0,0
Federico Bruno,ARG,male,6/18/1993,1.85,66,trackfield,0,0,0
Federico Gil,ARG,male,4/29/1988,1.75,78,shooting,0,0,0
Fehaid Aldeehani,IOA,male,10/11/1966,1.76,95,shooting,1,0,0
Felipe Claro,BRA,male,2/28/1986,1.72,83,rugby sevens,0,0,0
Felipe Kitadai,BRA,male,7/28/1989,1.64,60,judo,0,0,0
Felipe Perrone,BRA,male,2/27/1986,1.83,95,aquatics,0,0,0
Felipe Sancery,BRA,male,5/27/1994,1.82,90,rugby sevens,0,0,0
Felix Auboeck,AUT,male,12/19/1996,1.98,85,aquatics,0,0,0
Felix Vogg,SUI,male,6/19/1990,1.8,68,equestrian,0,0,0
Femi Ogunode,QAT,male,5/15/1991,1.85,85,trackfield,0,0,0
Ferdinand Gerz,GER,male,11/17/1988,1.76,62,sailing,0,0,0
Ferenc Szentirmai,UKR,male,11/29/1983,1.8,75,equestrian,0,0,0
Fernando,POR,male,3/14/1997,1.82,75,soccer,0,0,0
Fernando Alarza,ESP,male,3/23/1991,1.78,67,triathlon,0,0,0
Fernando Dayan Jorge,CUB,male,12/3/1998,1.73,70,canoe,0,0,0
Fernando Saraiva Reis,BRA,male,3/10/1990,1.85,155,weightlifting,0,0,0
Fernando Scavasin,BRA,male,11/24/1984,1.84,80,fencing,0,0,0
Ferry Weertman,NED,male,6/27/1992,1.89,86,aquatics,1,0,0
Filip Filipovic,SRB,male,5/1/1987,1.96,101,aquatics,1,0,0
Filip Grgic,CRO,male,10/25/1989,1.73,70,taekwondo,0,0,0
Filip Kruslin,CRO,male,3/18/1989,1.99,93,basketball,0,0,0
Filip Wypych,POL,male,4/20/1991,1.83,75,aquatics,0,0,0
Finn Lynch,IRL,male,4/23/1996,1.82,82,sailing,0,0,0
Florian Orth,GER,male,7/24/1989,1.81,63,trackfield,0,0,0
Florian Skilang Temengil,PLW,male,11/4/1986,1.53,125,wrestling,0,0,0
Florian Wellbrock,GER,male,8/19/1997,1.85,70,aquatics,0,0,0
Florin Mergea,ROU,male,1/26/1985,1.82,79,tennis,0,1,0
Fouad Elkaam,MAR,male,5/27/1988,1.88,70,trackfield,0,0,0
Francesco di Fulvio,ITA,male,8/15/1993,1.9,88,aquatics,0,0,1
Francisco Barretto Junior,BRA,male,10/31/1989,1.75,72,gymnastics,0,0,0
Francisco Limardo,VEN,male,3/27/1987,1.8,75,fencing,0,0,0
Franck Elemba,CGO,male,7/21/1990,1.98,130,trackfield,0,0,0
Frank Aniello Molinaro,USA,male,12/27/1988,1.68,68,wrestling,0,0,0
Frederik Madsen,DEN,male,1/22/1998,1.87,73,cycling,0,0,1
Fredrik Bergstrom,SWE,male,7/9/1990,1.76,64,sailing,0,0,0
Furkan Sen,TUR,male,2/8/1994,1.75,74,trackfield,0,0,0
Gabriel Barbosa,BRA,male,8/30/1996,1.76,68,soccer,1,0,0
Gabriel Borges,BRA,male,2/24/1992,1.8,73,sailing,0,0,0
Gabriel Ho-Garcia,CAN,male,5/19/1993,1.7,70,hockey,0,0,0
Gabriel Sincraian,ROU,male,12/21/1988,1.74,84,weightlifting,0,0,1
Gantugs Jantsan,MGL,male,4/12/1972,1.75,73,archery,0,0,0
George Bennett,NZL,male,4/7/1990,1.81,58,cycling,0,0,0
George Bovell Iii,TTO,male,7/18/1983,1.96,74,aquatics,0,0,0
George Bridgewater,NZL,male,1/18/1983,2,97,rowing,0,0,0
Georgios Dervisis,GRE,male,10/30/1994,1.95,92,aquatics,0,0,0
Gerd Kanter,EST,male,5/6/1979,1.96,125,trackfield,0,0,0
Gergo Kis,HUN,male,1/19/1988,1.83,80,aquatics,0,0,0
German Sanchez,MEX,male,6/24/1992,1.65,60,aquatics,0,1,0
Geza Imre,HUN,male,12/23/1974,1.84,75,fencing,0,1,1
Ghofran Ahmed,EGY,male,9/30/1992,1.92,68,taekwondo,0,0,0
Ginga Munetomo,JPN,male,4/7/1994,1.65,55,gymnastics,0,0,0
Giorgio Avola,ITA,male,5/8/1989,1.78,72,fencing,0,0,0
Glenn O'Shea,AUS,male,6/14/1989,1.8,76,cycling,0,0,0
Glenn Schuurman,NED,male,4/16/1991,1.83,79,hockey,0,0,0
Glenn Turner,AUS,male,5/1/1984,1.79,82,hockey,0,0,0
Gojko Pijetlovic,SRB,male,8/7/1983,1.94,92,aquatics,1,0,0
Gonzalo Echenique Saglietti,ESP,male,4/27/1990,1.9,94,aquatics,0,0,0
Gonzalo Peillat,ARG,male,8/12/1992,1.77,82,hockey,1,0,0
Gonzalo Raul Tellechea,ARG,male,7/11/1985,1.74,61,triathlon,0,0,0
Goran Stojanovic,QAT,male,2/24/1977,1.91,90,handball,0,0,0
Graham DeLaet,CAN,male,1/22/1982,1.8,75,golf,0,0,0
Graham Vigrass,CAN,male,6/17/1989,2.05,97,volleyball,0,0,0
Grant Irvine,AUS,male,3/17/1991,1.87,80,aquatics,0,0,0
Greg Rutherford,GBR,male,11/17/1986,1.88,92,trackfield,0,0,1
Greg van Avermaet,BEL,male,5/17/1985,1.81,74,cycling,1,0,0
Guanjie Johnathan Wong,MAS,male,8/23/1992,1.72,67,shooting,0,0,0
Guilherme Toldo,BRA,male,9/1/1992,1.76,70,fencing,0,0,0
Gunnar Bentz,USA,male,1/3/1996,1.96,83,aquatics,1,0,0
Gurpreet Singh,IND,male,12/19/1987,1.76,81,shooting,0,0,0
Gustavo Cuesta,DOM,male,11/14/1988,1.73,66,trackfield,0,0,0
Gustavo Guimaraes,BRA,male,1/24/1994,1.8,90,aquatics,0,0,0
Gustavo Tsuboi,BRA,male,5/31/1985,1.7,65,table tennis,0,0,0
Hagos Gebrhiwet,ETH,male,5/11/1994,1.71,56,trackfield,0,0,1
Haiwei Chen,CHN,male,12/30/1994,1.88,78,fencing,0,0,0
Hakim Sadi,ALG,male,11/14/1992,1.76,56,trackfield,0,0,0
Hamada Talat,EGY,male,3/1/1981,1.76,77,shooting,0,0,0
Hamid Mohammad Soryan,IRI,male,8/24/1985,1.67,64,wrestling,0,0,0
Hamish Carson,NZL,male,11/1/1988,1.81,66,trackfield,0,0,0
Hamish Peacock,AUS,male,10/15/1990,1.85,98,trackfield,0,0,0
Hammadi Ahmed,IRQ,male,10/18/1989,1.77,76,soccer,0,0,0
Hamza Alic,BIH,male,1/20/1979,1.86,130,trackfield,0,0,0
Hamza Bouras,ALG,male,12/16/1987,1.7,73,sailing,0,0,0
Hans Arne Jensen,TGA,male,2/25/1998,1.81,95,archery,0,0,0
Hans Podlipnik-Castillo,CHI,male,1/9/1988,1.84,79,tennis,0,0,0
Hao Liu,CHN,male,11/7/1988,1.89,79,cycling,0,0,0
Harmanpreet Singh,IND,male,1/6/1996,1.77,70,hockey,0,0,0
Harold Correa,FRA,male,6/26/1988,1.9,81,trackfield,0,0,0
Harold Houston,BER,male,3/23/1990,1.82,82,trackfield,0,0,0
Harold Langen,NED,male,10/27/1986,1.88,90,rowing,0,0,0
Harrison Barnes,USA,male,5/30/1992,2.03,102,basketball,1,0,0
Hayden Phillips,NZL,male,2/6/1998,1.8,72,hockey,0,0,0
Heechan Hwang,KOR,male,1/26/1996,1.77,70,soccer,0,0,0
Heiki Nabi,EST,male,6/6/1985,1.93,116,wrestling,0,0,0
Heissler Guillent,VEN,male,12/17/1986,1.83,79,basketball,0,0,0
Helder Silva,POR,male,8/2/1987,1.76,73,canoe,0,0,0
Hemza Haloui,ALG,male,7/10/1994,1.8,96,wrestling,0,0,0
Henk Grol,NED,male,4/14/1985,1.9,100,judo,0,0,0
Henri Junghaenel,GER,male,2/5/1988,1.79,80,shooting,1,0,0
Henri Schoeman,RSA,male,10/3/1991,1.7,59,triathlon,0,0,1
Henrik Rummel,USA,male,9/26/1987,1.96,97,rowing,0,0,0
Henrik Stenson,SWE,male,4/5/1976,1.87,90,golf,0,1,0
Henrik Vasbanyai,HUN,male,7/16/1991,1.87,84,canoe,0,0,0
Henrikas Zustautas,LTU,male,7/13/1994,1.92,96,canoe,0,0,0
Henrique Avancini,BRA,male,3/30/1989,1.76,67,cycling,0,0,0
Henry Frayne,AUS,male,4/14/1990,1.88,83,trackfield,0,0,0
Hensley Paulina,NED,male,6/26/1993,1.82,77,trackfield,0,0,0
Hernan Moises Viera Espinoza,PER,male,1/16/1993,1.76,104,weightlifting,0,0,0
Hidde Turkstra,NED,male,3/5/1988,1.94,81,hockey,0,0,0
Hideki Omoto,JPN,male,8/12/1984,1.79,70,rowing,0,0,0
Hilal Hemed Hilal,TAN,male,7/12/1994,1.76,63,aquatics,0,0,0
Hiroki Fujiharu,JPN,male,11/28/1988,1.75,60,soccer,0,0,0
Hsuan-Yen Lee,TPE,male,5/13/1993,1.73,63,aquatics,0,0,0
Hua Wilfried Koffi,CIV,male,10/12/1987,1.89,76,trackfield,0,0,0
Hubertus Schmidt,GER,male,10/8/1959,1.83,80,equestrian,0,0,0
Hugo Barrette,CAN,male,7/4/1991,1.75,90,cycling,0,0,0
Hugo Gonzalez de Oliveira,ESP,male,2/19/1999,1.92,82,aquatics,0,0,0
Hugo Inglis,NZL,male,1/18/1991,1.78,74,hockey,0,0,0
Hugues Fournel,CAN,male,8/5/1988,1.7,73,canoe,0,0,0
Hyeonwoo Kim,KOR,male,11/6/1988,1.73,80,wrestling,0,0,1
Hyunsoo Jang,KOR,male,9/28/1991,1.87,77,soccer,0,0,0
Hyunsub Kim,KOR,male,5/31/1985,1.77,61,trackfield,0,0,0
Iacovos Hadjiconstantinou,CYP,male,11/17/1994,1.94,90,aquatics,0,0,0
Iain Jensen,AUS,male,5/23/1988,1.86,80,sailing,0,1,0
Iain Lewers,GBR,male,1/5/1984,1.83,79,hockey,0,0,0
Iakobi Kajaia,GEO,male,9/28/1993,1.87,130,wrestling,0,0,0
Ian Sloan,GBR,male,11/19/1993,1.75,76,hockey,0,0,0
Ibragim Labazanov,RUS,male,9/15/1987,1.64,64,wrestling,0,0,0
Ignacio Prado,MEX,male,9/21/1993,1.78,65,cycling,0,0,0
Ignas Navakauskas,LTU,male,9/22/1989,1.8,90,canoe,0,0,0
Igor Genua,ESP,male,6/5/1988,1.77,78,rugby sevens,0,0,0
Igor Glavan,UKR,male,9/25/1990,1.68,61,trackfield,0,0,0
Igor Karacic,CRO,male,11/2/1988,1.91,91,handball,0,0,0
Igor Olshanetskyi,ISR,male,2/16/1986,1.84,130,weightlifting,0,0,0
Ihor Shymechko,UKR,male,5/27/1986,1.97,130,weightlifting,0,0,0
Ilias Iliadis,GRE,male,11/10/1986,1.79,90,judo,0,0,0
Illia Charheika,BLR,male,4/15/1993,1.79,81,shooting,0,0,0
Ilya Mokretcov,KAZ,male,4/17/1984,1.77,74,fencing,0,0,0
Imanol Erviti Ollo,ESP,male,11/15/1983,1.9,80,cycling,0,0,0
Inaki Villanueva,ESP,male,2/10/1991,1.98,103,rugby sevens,0,0,0
Ioannis Christou,GRE,male,6/23/1983,1.9,92,rowing,0,0,0
Iosefo Verevou,FIJ,male,1/5/1996,1.9,96,soccer,0,0,0
Isaac Korir,BRN,male,8/26/1990,1.88,59,trackfield,0,0,0
Isaac Makwala,BOT,male,9/24/1985,1.85,78,trackfield,0,0,0
Isaac Silafau,ASA,male,10/5/1990,1.75,68,trackfield,0,0,0
Isaquias Queiroz dos Santos,BRA,male,1/3/1994,1.75,85,canoe,0,2,1
Islam-Beka Albiev,RUS,male,12/28/1988,1.65,66,wrestling,0,0,0
Issam Tej,TUN,male,7/29/1979,1.87,110,handball,0,0,0
Iszlam Monier Suliman,SUD,male,12/17/1990,1.82,90,judo,0,0,0
Italo Duarte,BRA,male,3/13/1992,1.8,73,aquatics,0,0,0
Iurii Cheban,UKR,male,7/5/1986,1.85,93,canoe,1,0,0
Ivan Guidea,ROU,male,5/12/1988,1.63,60,wrestling,0,0,0
Ivan Kljakovic Gaspic,CRO,male,5/24/1984,1.89,95,sailing,0,0,0
Ivan Remarenco,UAE,male,8/7/1988,1.86,100,judo,0,0,0
Ivan Stretovich,RUS,male,10/6/1996,1.7,59,gymnastics,0,1,0
Ivan Tsikhan,BLR,male,7/24/1976,1.86,110,trackfield,0,1,0
Ivan Zaytsev,UZB,male,11/7/1988,1.92,95,trackfield,0,0,0
Ives Alonso,BRA,male,10/12/1980,1.91,102,aquatics,0,0,0
Jaak-Heinrich Jagor,EST,male,5/11/1990,1.9,80,trackfield,0,0,0
Jacco Arends,NED,male,1/28/1991,1.86,72,badminton,0,0,0
Jack Bobridge,AUS,male,7/13/1989,1.8,65,cycling,0,1,0
Jack Laugher,GBR,male,1/30/1995,1.68,72,aquatics,1,1,0
Jack Sock,USA,male,9/24/1992,1.91,83,tennis,1,0,1
Jacko Gill,NZL,male,12/20/1994,1.89,120,trackfield,0,0,0
Jacob Clear,AUS,male,1/18/1985,1.85,86,canoe,0,0,0
Jacob Gibb,USA,male,2/6/1976,2.01,95,volleyball,0,0,0
Jacob Heidtmann,GER,male,11/6/1994,1.95,83,aquatics,0,0,0
Jacob Stockmann,NED,male,7/24/1984,1.93,80,hockey,0,0,0
Jaime Yusept Espinal,PUR,male,10/14/1984,1.78,86,wrestling,0,0,0
Jake Kaminski,USA,male,8/11/1988,1.78,70,archery,0,1,0
Jakob Makarashvili,GEO,male,12/28/1985,1.74,80,wrestling,0,0,0
Jakub Jelonek,POL,male,7/7/1985,1.85,67,trackfield,0,0,0
James Connor,AUS,male,5/5/1995,1.83,70,aquatics,0,0,0
James Cooke,GBR,male,3/3/1991,1.85,74,modern pentathlon,0,0,0
James Coughlan,NZL,male,8/28/1990,1.83,78,hockey,0,0,0
James Dasaolu,GBR,male,9/5/1987,1.87,88,trackfield,0,0,0
James Ellington,GBR,male,9/6/1985,1.79,81,trackfield,0,0,0
James Feigen,USA,male,9/26/1989,1.96,97,aquatics,1,0,0
James Hunter,NZL,male,8/24/1992,1.85,70,rowing,0,0,0
James Magnussen,AUS,male,4/11/1991,1.97,95,aquatics,0,0,1
James Nyang Chiengjiek,ROT,male,3/2/1992,1.79,59,trackfield,0,0,0
James Paterson-Robinson,AUS,male,9/29/1978,1.7,72,equestrian,0,0,0
James Roberts,AUS,male,4/11/1991,1.94,90,aquatics,0,0,1
James Rodwell,GBR,male,8/23/1984,1.95,105,rugby sevens,0,1,0
James Stanton-French,AUS,male,7/21/1983,2,93,aquatics,0,0,0
Jamial Rolle,BAH,male,8/16/1980,1.74,70,trackfield,0,0,0
Jan Micka,CZE,male,1/15/1995,1.83,76,aquatics,0,0,0
Jan Skarnitzl,CZE,male,7/11/1986,1.79,68,cycling,0,0,0
Jan Sterba,CZE,male,6/1/1981,1.83,85,canoe,0,0,1
Jan Vetesnik,CZE,male,3/5/1984,1.82,70,rowing,0,0,0
Jannick Green Krejberg,DEN,male,9/29/1988,1.95,95,handball,1,0,0
Jan-Willem van Schip,NED,male,8/20/1994,1.94,83,cycling,0,0,0
Jarrin Solomon,TTO,male,1/11/1986,1.65,73,trackfield,0,0,0
Jason Kenny,GBR,male,3/23/1988,1.78,81,cycling,3,0,0
Jason Pryor,USA,male,9/26/1987,1.76,79,fencing,0,0,0
Jason Saunders,NZL,male,11/22/1990,1.88,78,sailing,0,0,0
Jason Waterhouse,AUS,male,11/8/1991,1.85,75,sailing,0,1,0
Javier Acevedo,CAN,male,1/28/1998,1.82,68,aquatics,0,0,0
Javier Carrion,ESP,male,11/9/1990,1.88,100,rugby sevens,0,0,0
Javier Cortina Lacerra,CUB,male,4/12/1987,1.85,97,wrestling,0,0,0
Javier Jimenez Scull,CUB,male,11/16/1989,1.98,89,volleyball,0,0,0
Jean-Luc Rasamoelina,ANG,male,10/4/1989,1.8,77,rowing,0,0,0
Jefferson Milano,VEN,male,11/21/1995,1.85,85,cycling,0,0,0
Jefferson Santos Pereira,QAT,male,6/8/1989,1.8,86,volleyball,0,0,0
Jelle Geens,BEL,male,3/26/1993,1.72,61,triathlon,0,0,0
Jenia Grebennikov,FRA,male,8/13/1990,1.88,85,volleyball,0,0,0
Jennifer Frank Casanas,ESP,male,10/18/1978,1.87,117,trackfield,0,0,0
Jeremy Cadot,FRA,male,11/7/1986,1.85,78,fencing,0,1,0
Jeremy Hayward,AUS,male,3/3/1993,1.81,82,hockey,0,0,0
Jeremy Monnier,FRA,male,5/5/1989,1.75,65,shooting,0,0,0
Jeremy Stravius,FRA,male,7/14/1988,1.9,87,aquatics,0,1,0
Jeremy Taiwo,USA,male,1/15/1990,1.94,90,trackfield,0,0,0
Jeroen Dubbeldam,NED,male,4/15/1973,1.85,85,equestrian,0,0,0
Jeroen Hertzberger,NED,male,2/24/1986,1.74,76,hockey,0,0,0
Jeroen Mooren,NED,male,7/30/1985,1.68,60,judo,0,0,0
Jerry Tuwai,FIJ,male,3/23/1989,1.74,81,rugby sevens,1,0,0
Jerzy Janowicz,POL,male,11/13/1990,2.04,95,tennis,0,0,0
Jesper Hansen,DEN,male,11/19/1980,1.8,95,shooting,0,0,0
Jesper Stalheim,SWE,male,3/23/1988,1.84,82,sailing,0,0,0
Jessica Fox,AUS,male,6/10/1994,1.66,60,canoe,0,0,1
Jesus Alberto Perales,MEX,male,12/22/1993,1.97,88,volleyball,0,0,0
Jesus Antonio Lopez Sanchez,VEN,male,12/17/1984,1.61,62,weightlifting,0,0,0
Jeyong Son,KOR,male,1/12/1994,1.77,70,cycling,0,0,0
Jhonny Perez Urena,DOM,male,9/16/1997,1.73,50,aquatics,0,0,0
Jialuo Shi,CHN,male,1/25/1993,1.84,71,fencing,0,0,0
Jianan Wang,CGO,male,1/20/1983,1.77,77,table tennis,0,0,0
Jianbin He,CHN,male,2/18/1993,1.88,83,aquatics,0,0,0
Jigeun Jeong,KOR,male,1/10/1990,1.77,79,shooting,0,0,0
Jimmy Vicaut,FRA,male,2/27/1992,1.88,83,trackfield,0,0,0
Jin Wei Timothee Yap,SIN,male,11/5/1994,1.78,66,trackfield,0,0,0
Jingbin Zhao,CHN,male,4/18/1990,1.85,72,rowing,0,0,0
Jiri Prskavec,CZE,male,5/18/1993,1.73,69,canoe,0,0,1
Jitu Rai,IND,male,8/26/1987,1.6,64,shooting,0,0,0
Joao da Silva,BRA,male,1/29/1994,1.9,93,handball,0,0,0
Joao Virginia,POR,male,10/10/1999,1.82,72,soccer,0,0,0
Joaquim Rodriguez Oliver,ESP,male,5/12/1979,1.69,59,cycling,0,0,0
Joaquin Arzura,ARG,male,5/18/1993,1.7,71,soccer,0,0,0
Joaquin Blanco Albalat,ESP,male,6/25/1989,1.81,80,sailing,0,0,0
Joe Maloy,USA,male,12/20/1985,1.76,64,triathlon,0,0,0
Joeri Verlinden,NED,male,1/22/1988,1.81,75,aquatics,0,0,0
Johannes Hintze,GER,male,7/5/1999,1.93,82,aquatics,0,0,0
John Ampomah,GHA,male,7/11/1990,1.91,100,trackfield,0,0,0
John Cox,VEN,male,7/6/1981,1.96,95,basketball,0,0,0
John Ruuka,KIR,male,8/13/1995,1.64,64,trackfield,0,0,0
John Smith,RSA,male,1/12/1990,1.92,72,rowing,0,0,0
John Whitaker,GBR,male,8/5/1955,1.61,70,equestrian,0,0,0
Jon Izaguirre Insausti,ESP,male,2/4/1989,1.72,61,cycling,0,0,0
Jonas Maciulis,LTU,male,2/10/1985,1.98,103,basketball,0,0,0
Jonathan Bell,IRL,male,6/19/1987,1.78,77,hockey,0,0,0
Jonathan Koch,GER,male,10/29/1985,1.83,73,rowing,0,0,0
Jonathan Laugel,FRA,male,1/30/1993,1.94,100,rugby sevens,0,0,0
Jonathan Moriame,FRA,male,6/19/1984,2.03,100,aquatics,0,0,0
Jonathan Stenbacken,SWE,male,1/7/1988,1.95,93,handball,0,0,0
Jong Su Kim,PRK,male,1/1/1977,1.66,67,shooting,0,0,0
Jonty Evans,IRL,male,10/4/1971,1.93,82,equestrian,0,0,0
Joost Luiten,NED,male,1/7/1986,1.77,78,golf,0,0,0
Jordan Augier,LCA,male,11/14/1994,1.71,53,aquatics,0,0,0
Jordan Chipangama,ZAM,male,11/12/1988,1.73,53,trackfield,0,0,0
Jordan Larsson,SWE,male,6/20/1997,1.73,68,soccer,0,0,0
Jordan Silva,MEX,male,7/30/1994,1.86,75,soccer,0,0,0
Jordan Thompson,AUS,male,4/20/1994,1.83,73,tennis,0,0,0
Jordi Xammar Hernandez,ESP,male,12/2/1993,1.76,63,sailing,0,0,0
Joren Tromp,NED,male,11/1/1988,1.9,85,trackfield,0,0,0
Jorge Antonio Garcia,CUB,male,1/14/1988,1.8,78,canoe,0,0,0
Jorge Barajas,MEX,male,5/7/1991,1.88,80,volleyball,0,0,0
Jorge Campos,CUB,male,9/19/1991,1.84,77,table tennis,0,0,0
Jorge Diaz,ESP,male,11/26/1985,1.73,75,shooting,0,0,0
Jorge Grau Potrille,CUB,male,2/15/1987,1.86,78,shooting,0,0,0
Jorge Mario Murillo Valdes,COL,male,9/7/1991,1.86,77,aquatics,0,0,0
Jorge Vides,BRA,male,11/24/1992,1.92,74,trackfield,0,0,0
Joris Daudet,FRA,male,2/12/1991,1.84,78,cycling,0,0,0
Jose Alessandro Bagio,BRA,male,4/16/1981,1.72,63,trackfield,0,0,0
Jose Armenteros,CUB,male,12/13/1992,1.89,100,judo,0,0,0
Jose Carlos Moreira,BRA,male,9/28/1983,1.72,80,trackfield,0,0,0
Jose Carvalho,POR,male,8/18/1988,1.75,77,canoe,0,0,0
Jose Ignacio Diaz,ESP,male,11/22/1979,1.68,67,trackfield,0,0,0
Jose Luis Rodriguez,CHI,male,6/1/1994,1.8,75,cycling,0,0,0
Jose Maria Raymundo,GUA,male,9/1/1993,1.56,49,trackfield,0,0,0
Jose Melendez,VEN,male,5/19/1993,1.7,70,trackfield,0,0,0
Jose-Filipe Lima,POR,male,11/26/1981,1.77,75,golf,0,0,0
Josep Romeu,ESP,male,5/22/1990,1.75,77,hockey,0,0,0
Joseph Clarke,GBR,male,11/3/1992,1.82,76,canoe,1,0,0
Josh Junior,NZL,male,12/22/1989,1.89,96,sailing,0,0,0
Josh Konieczny,USA,male,5/26/1991,1.81,74,rowing,0,0,0
Joshua Dunkley-Smith,AUS,male,6/28/1989,1.94,98,rowing,0,1,0
Joshua Ilustre,GUM,male,1/23/1994,1.78,70,trackfield,0,0,0
Joshua Richmond,USA,male,12/19/1985,1.88,90,shooting,0,0,0
Joshua Samuels,USA,male,7/8/1991,1.94,95,aquatics,0,0,0
Jossimar Orlando Calvo Moreno,COL,male,7/22/1994,1.6,54,gymnastics,0,0,0
Jozef Repcik,SVK,male,8/3/1986,1.9,72,trackfield,0,0,0
Juan Carlos Cabrera,MEX,male,11/9/1991,1.94,105,rowing,0,0,0
Juan Gilardi,ARG,male,11/14/1981,1.86,91,hockey,1,0,0
Juan Imhoff,ARG,male,5/11/1988,1.78,79,rugby sevens,0,0,0
Juan Martin Del Potro,ARG,male,9/23/1988,1.98,97,tennis,0,1,0
Juan Monaco,ARG,male,3/29/1984,1.85,77,tennis,0,0,0
Juan Peralta Gascon,ESP,male,5/17/1990,1.94,93,cycling,0,0,0
Juan Quintero,COL,male,3/23/1995,1.83,76,soccer,0,0,0
Juan Saladino,ARG,male,9/28/1987,1.74,73,hockey,1,0,0
Juan-Carlos Navarro,ESP,male,6/13/1980,1.93,82,basketball,0,0,1
Julian Ayala,MEX,male,3/6/1992,1.71,80,fencing,0,0,0
Julian Brandt,GER,male,5/2/1996,1.85,82,soccer,0,1,0
Julian Matthews,NZL,male,7/21/1988,1.84,70,trackfield,0,0,0
Juliano Fiori,BRA,male,6/27/1985,1.91,107,rugby sevens,0,0,0
Julien Bahain,CAN,male,4/20/1986,1.9,93,rowing,0,0,0
Julien Watrin,BEL,male,6/27/1992,1.89,83,trackfield,0,0,0
Julio Cesar Salamanca Pineda,ESA,male,7/15/1989,1.59,62,weightlifting,0,0,0
Julius Yego,KEN,male,1/4/1989,1.75,94,trackfield,0,1,0
Junghwan Kim,KOR,male,9/2/1983,1.78,66,fencing,0,0,1
Junhong Kim,KOR,male,10/28/1990,1.77,68,shooting,0,0,0
Junya Hasegawa,JPN,male,12/13/1993,1.8,70,aquatics,0,0,0
Juraj Tarr,SVK,male,2/18/1979,1.86,88,canoe,0,1,0
Justin Duff,CAN,male,5/10/1988,2,102,volleyball,0,0,0
Justin Geduld,RSA,male,10/1/1993,1.75,78,rugby sevens,0,0,1
Justin Liu,SIN,male,5/28/1991,1.67,78,sailing,0,0,0
Justin Rose,GBR,male,7/30/1980,1.93,89,golf,1,0,0
Kaj Hendriks,NED,male,8/19/1987,1.97,95,rowing,0,0,1
Kame Ali,MAD,male,5/21/1984,1.85,84,trackfield,0,0,0
Kameli Soejima,JPN,male,6/1/1983,1.89,94,rugby sevens,0,0,0
Kane Radford,NZL,male,11/2/1990,1.75,79,aquatics,0,0,0
Kane Russell,NZL,male,4/22/1992,1.76,82,hockey,0,0,0
Karim Hendawy,EGY,male,5/1/1988,1.88,90,handball,0,0,0
Karl Robert Saluri,EST,male,8/6/1993,1.78,75,trackfield,0,0,0
Karl Schulze,GER,male,3/5/1988,1.9,100,rowing,1,0,0
Karl-Martin Rammo,EST,male,6/6/1989,1.9,82,sailing,0,0,0
Karol Hoffmann,POL,male,6/1/1989,1.96,84,trackfield,0,0,0
Karol Zalewski,POL,male,8/7/1993,1.89,86,trackfield,0,0,0
Karsten Dilla,GER,male,7/17/1989,1.88,82,trackfield,0,0,0
Kasper Sondergaard,DEN,male,6/9/1981,1.95,95,handball,1,0,0
Katsumi Nakamura,JPN,male,2/21/1994,1.83,79,aquatics,0,0,0
Katsuyuki Sakai,JPN,male,9/7/1988,1.72,85,rugby sevens,0,0,0
Kazunari Watanabe,JPN,male,8/12/1983,1.76,80,cycling,0,0,0
Kazushige Kuboki,JPN,male,6/6/1989,1.72,65,cycling,0,0,0
Kazuyasu Minobe,JPN,male,7/15/1987,1.77,75,fencing,0,0,0
Keigo Okawa,JPN,male,3/11/1990,1.83,96,aquatics,0,0,0
Kemar Bailey-Cole,JAM,male,1/10/1992,1.93,84,trackfield,1,0,0
Kemarley Brown,BRN,male,7/20/1992,1.82,85,trackfield,0,0,0
Kemoy Campbell,JAM,male,1/14/1991,1.68,57,trackfield,0,0,0
Ken Wallace,AUS,male,7/26/1983,1.9,90,canoe,0,0,1
Kenji Fujimitsu,JPN,male,5/1/1986,1.82,69,trackfield,0,0,0
Kenji Takahashi,JPN,male,8/21/1982,1.86,77,sailing,0,0,0
Kevin Borlee,BEL,male,2/22/1988,1.8,67,trackfield,0,0,0
Kevin Bouly,FRA,male,4/26/1981,1.77,94,weightlifting,0,0,0
Kevin Campion,FRA,male,5/23/1988,1.83,63,trackfield,0,0,0
Kevin Cordes,USA,male,8/13/1993,1.96,88,aquatics,1,0,0
Kevin Menaldo,FRA,male,7/12/1992,1.76,66,trackfield,0,0,0
Khasan Khalmurzaev,RUS,male,10/9/1993,1.82,81,judo,1,0,0
Khuderbulga Dorjkhand,MGL,male,5/7/1992,1.81,102,wrestling,0,0,0
Kibwe Johnson,USA,male,7/17/1981,1.88,102,trackfield,0,0,0
Kilian le Blouch,FRA,male,10/7/1989,1.71,70,judo,0,0,0
Kirill Gerassimenko,KAZ,male,12/18/1996,1.75,64,table tennis,0,0,0
Kohei Yamashita,JPN,male,9/6/1994,1.79,69,trackfield,0,0,0
Koki Niwa,JPN,male,10/10/1994,1.62,51,table tennis,0,1,0
Konstadinos Filippidis,GRE,male,11/26/1986,1.87,74,trackfield,0,0,0
Konstantinos Flegkas,GRE,male,7/17/1988,1.92,88,aquatics,0,0,0
Korey Jarvis,CAN,male,10/4/1986,1.88,115,wrestling,0,0,0
Kristian Ipsen,USA,male,10/20/1992,1.71,72,aquatics,0,0,0
Kristian Karlsson,SWE,male,8/6/1991,1.83,82,table tennis,0,0,0
Kukyoung Kim,KOR,male,4/19/1991,1.76,73,trackfield,0,0,0
Kunathip Yea-On,THA,male,8/18/1995,1.93,148,judo,0,0,0
Kwagga Smith,RSA,male,6/11/1993,1.8,90,rugby sevens,0,0,1
Kyle Brown,RSA,male,2/6/1987,1.82,92,rugby sevens,0,0,1
Kyle Chalmers,AUS,male,6/25/1998,1.93,90,aquatics,1,0,2
Kyle Clemons,USA,male,12/27/1990,1.81,72,trackfield,1,0,0
Kyle Frederick Snyder,USA,male,11/20/1995,1.81,102,wrestling,1,0,0
Kyle Sean Micallef,MLT,male,1/8/1987,1.77,85,weightlifting,0,0,0
Kyle Stolk,NED,male,6/28/1996,1.86,84,aquatics,0,0,0
Kynan Chenai,IND,male,1/29/1991,2,85,shooting,0,0,0
Kyoungdoo Park,KOR,male,8/3/1984,1.77,77,fencing,0,0,0
Kyriakos Ioannou,CYP,male,7/26/1984,1.96,74,trackfield,0,0,0
Kyrie Irving,USA,male,3/23/1992,1.9,87,basketball,1,0,0
Lachlan Tame,AUS,male,11/14/1988,1.76,80,canoe,0,0,1
Lars Bender,GER,male,4/27/1989,1.84,77,soccer,0,1,0
Lasha Talakhadze,GEO,male,10/2/1993,1.97,157,weightlifting,1,0,0
Laszlo Cseh,HUN,male,12/3/1985,1.88,84,aquatics,0,1,0
Laszlo Csoknyai,HUN,male,10/25/1987,1.72,83,judo,0,0,0
Laurence Halsted,GBR,male,5/22/1984,1.85,85,fencing,0,0,0
Lawrence Fanous,JOR,male,8/27/1985,1.7,61,triathlon,0,0,0
Lazaro Martinez,CUB,male,11/3/1997,1.91,83,trackfield,0,0,0
le Roux Hamman,RSA,male,1/6/1992,1.85,70,trackfield,0,0,0
Leandro Zamora,CUB,male,3/11/1996,1.86,72,trackfield,0,0,0
Lei Gong,CHN,male,3/26/1983,1.85,88,sailing,0,0,0
Lemi Berhanu,ETH,male,9/13/1994,1.68,53,trackfield,0,0,0
Leon Goretzka,GER,male,2/6/1995,1.86,76,soccer,0,0,0
Leonardo Chacon,CRC,male,6/29/1984,1.79,65,triathlon,0,0,0
Leonel Suarez,CUB,male,9/1/1987,1.81,68,trackfield,0,0,0
Leonid Andreev,UZB,male,10/6/1983,1.98,93,trackfield,0,0,0
Lestrod Roland,SKN,male,9/5/1992,1.65,54,trackfield,0,0,0
Leuris Pupo,CUB,male,4/9/1977,1.68,78,shooting,0,0,0
Levon Aghasyan,ARM,male,1/19/1995,1.93,75,trackfield,0,0,0
Lindsay Hanekom,RSA,male,5/15/1993,1.78,66,trackfield,0,0,0
Linus Butt,GER,male,3/12/1987,1.86,83,hockey,0,0,1
Lisandro Magallan,ARG,male,9/27/1993,1.81,79,soccer,0,0,0
Livan Lopez Azcuy,CUB,male,1/24/1982,1.7,74,wrestling,0,0,0
Loick Luypaert,BEL,male,8/19/1991,1.81,78,hockey,0,1,0
Lomano Lemeki,JPN,male,1/20/1989,1.77,92,rugby sevens,0,0,0
Lorys Bourelly,FRA,male,5/27/1992,1.86,76,aquatics,0,0,0
Luc Abalo,FRA,male,9/6/1984,1.82,86,handball,0,1,0
Lucas Carvalho,BRA,male,7/16/1993,1.75,51,trackfield,0,0,0
Lucas Rey,ARG,male,10/11/1982,1.77,74,hockey,1,0,0
Lucien Delfour,AUS,male,12/22/1988,1.77,70,canoe,0,0,0
Ludovic Fabregas,FRA,male,7/1/1996,1.98,100,handball,0,1,0
Luillys Jose Perez Mora,VEN,male,12/23/1990,1.81,97,wrestling,0,0,0
Luis Alberto Orta,VEN,male,1/15/1989,1.6,50,trackfield,0,0,0
Luis Ariel Molina,ARG,male,3/7/1988,1.72,57,trackfield,0,0,0
Luis Brethauer,GER,male,9/14/1992,1.76,82,cycling,0,0,0
Luis Fernando Lopez,COL,male,6/3/1979,1.66,60,trackfield,0,0,0
Luis Hurtado,COL,male,1/24/1994,1.86,81,soccer,0,0,0
Luis Joel Castro,PUR,male,1/29/1991,1.98,73,trackfield,0,0,0
Luiz Alberto de Araujo,BRA,male,6/27/1987,1.9,86,trackfield,0,0,0
Luiz Felipe Marques Fonteles,BRA,male,6/19/1984,1.96,89,volleyball,1,0,0
Luka Bukic,CRO,male,4/30/1994,1.95,90,aquatics,0,1,0
Lukas Rosol,CZE,male,7/24/1985,1.95,82,tennis,0,0,0
Lukas Weisshaidinger,AUT,male,2/20/1992,1.96,136,trackfield,0,0,0
Lukasz Gierak,POL,male,6/22/1988,1.94,104,handball,0,0,0
Luke Mathews,AUS,male,6/21/1995,1.83,70,trackfield,0,0,0
Lungile Gongqa,RSA,male,2/22/1979,1.62,53,trackfield,0,0,0
Maarten Brzoskowski,NED,male,9/19/1995,1.84,79,aquatics,0,0,0
Mads Christiansen,DEN,male,5/3/1986,1.97,93,handball,1,0,0
Magnus Kirt,EST,male,4/10/1990,1.92,90,trackfield,0,0,0
Magomed Idrisovitch Ibragimov,UZB,male,6/2/1985,1.83,97,wrestling,0,0,1
Mahama Cho,GBR,male,8/16/1989,1.96,100,taekwondo,0,0,0
Maharu Yoshimura,JPN,male,8/3/1993,1.77,61,table tennis,0,1,0
Mahe Drysdale,NZL,male,11/19/1978,2,102,rowing,1,0,0
Maka Unufe,USA,male,9/28/1991,1.88,92,rugby sevens,0,0,0
Maksym Khvorost,UKR,male,7/15/1982,1.86,85,fencing,0,0,0
Maksym Semiankiv,UKR,male,1/20/1992,1.72,63,gymnastics,0,0,0
Mamdouh Abdelrehim,EGY,male,8/5/1989,2.07,90,volleyball,0,0,0
Mamdouh Taha Abouebaid,EGY,male,1/1/1988,1.89,80,handball,0,0,0
Mammadali Mehdiyev,AZE,male,4/9/1993,1.88,90,judo,0,0,0
Man Sun,CHN,male,8/22/1995,1.88,70,rowing,0,0,0
Mandakhnaran Ganzorig,MGL,male,5/11/1986,1.65,65,wrestling,0,0,0
Manoel Dall Igna,FRA,male,3/12/1985,1.83,92,rugby sevens,0,0,0
Manpreet Singh,IND,male,6/26/1992,1.72,69,hockey,0,0,0
Manu Ginobili,ARG,male,7/28/1977,1.98,91,basketball,0,0,0
Manuel Brunet,ARG,male,11/16/1985,1.79,79,hockey,1,0,0
Manuel Fernandez Saro,ESP,male,1/27/1975,1.78,67,equestrian,0,0,0
Marc Zwiebler,GER,male,3/13/1984,1.81,75,badminton,0,0,0
Marc-Antoine Olivier,FRA,male,6/18/1996,1.83,64,aquatics,0,0,1
Marcelinho Huertas,BRA,male,5/25/1983,1.91,90,basketball,0,0,0
Marcello Miani,ITA,male,3/5/1984,1.83,72,rowing,0,0,0
Marcelo Melo,BRA,male,9/23/1983,2,87,tennis,0,0,0
Marcin Brzezinski,POL,male,1/6/1984,1.94,96,rowing,0,0,0
Marcin Matkowski,POL,male,1/15/1981,1.85,90,tennis,0,0,0
Marco Antonio Rodriguez,BOL,male,1/24/1994,1.8,66,trackfield,0,0,0
Marco DI COSTANZO,ITA,male,6/9/1992,1.84,87,rowing,0,0,1
Marco Galiazzo,ITA,male,5/7/1983,1.78,98,archery,0,0,0
Marco Grael,BRA,male,6/9/1989,1.81,82,sailing,0,0,0
Marco Grimalt,CHI,male,7/11/1989,1.96,92,volleyball,0,0,0
Marco Orsi,ITA,male,12/11/1990,1.89,89,aquatics,0,0,0
Marcos Macedo,BRA,male,9/9/1990,1.89,85,aquatics,0,0,0
Marcus Child,NZL,male,3/2/1991,1.82,81,hockey,0,0,0
Marek Sindler,CZE,male,7/21/1992,1.86,74,canoe,0,0,0
Mareks Arents,LAT,male,8/6/1986,1.9,85,trackfield,0,0,0
Marian Dragulescu,ROU,male,12/18/1980,1.63,64,gymnastics,0,0,0
Mario Fernandez,ESP,male,4/26/1992,1.8,80,hockey,0,0,0
Mario Gyr,SUI,male,5/2/1985,1.87,76,rowing,1,0,0
Mario Luis Rivera Sanchez,CUB,male,10/26/1982,1.8,92,volleyball,0,0,0
Marius Ionescu,ROU,male,12/18/1984,1.7,55,trackfield,0,0,0
Mark Bennett,GBR,male,2/3/1993,1.83,89,rugby sevens,0,1,0
Mark Cavendish,GBR,male,5/21/1985,1.75,70,cycling,0,1,0
Mark Dry,GBR,male,10/11/1987,1.84,112,trackfield,0,0,0
Mark English,IRL,male,3/18/1993,1.87,76,trackfield,0,0,0
Mark Gleghorne,GBR,male,5/19/1985,1.8,82,hockey,0,0,0
Mark Kyle,IRL,male,6/5/1973,1.83,80,equestrian,0,0,0
Marko Marjanovic,SRB,male,11/24/1985,1.93,93,rowing,0,0,0
Markus Thormeyer,CAN,male,8/25/1997,1.95,84,aquatics,0,0,0
Marouen Maggaiz,TUN,male,7/28/1983,1.92,110,handball,0,0,0
Marquinhos,BRA,male,5/14/1994,1.85,70,soccer,1,0,0
Martin Allikvee,EST,male,3/21/1995,1.82,77,aquatics,0,0,0
Martin Andres Melconian Alvez,URU,male,1/2/1990,1.83,77,aquatics,0,0,0
Martin Benitez,ARG,male,6/17/1994,1.75,76,soccer,0,0,0
Martin Kaymer,GER,male,12/28/1984,1.84,76,golf,0,0,0
Martin Michel,BOL,male,9/5/1994,1.9,90,judo,0,0,0
Martin Sauer,GER,male,12/17/1982,1.69,55,rowing,0,1,0
Martin Schaefer,BRA,male,10/18/1989,1.83,82,rugby sevens,0,0,0
Martin Sinkovic,CRO,male,11/10/1989,1.88,95,rowing,1,0,0
Martin Strobel,GER,male,6/5/1986,1.89,90,handball,0,0,1
Martin Wolfram,GER,male,1/29/1992,1.64,58,aquatics,0,0,0
Martino Goretti,ITA,male,9/27/1985,1.86,73,rowing,0,0,0
Maru Teferi,ISR,male,8/17/1992,1.64,52,trackfield,0,0,0
Marvin Bracy,USA,male,12/15/1993,1.76,77,trackfield,0,0,0
Marwan Elkamash,EGY,male,11/14/1993,1.83,77,aquatics,0,0,0
Masanao Takahashi,JPN,male,1/18/1982,1.7,65,equestrian,0,0,0
Masato Sakai,JPN,male,6/6/1995,1.81,77,aquatics,0,1,0
Massimo Colaci,ITA,male,2/21/1985,1.8,75,volleyball,0,1,0
Matej Benus,SVK,male,11/2/1987,1.96,83,canoe,0,1,0
Mateusz Kaminski,POL,male,5/3/1991,1.89,83,canoe,0,0,0
Mateusz Kus,POL,male,7/14/1987,2,112,handball,0,0,0
Mathias Boe,DEN,male,7/11/1980,1.85,75,badminton,0,0,0
Mathieu Grebille,FRA,male,10/6/1991,1.98,100,handball,0,1,0
Mathieu Lemoine,FRA,male,4/17/1984,1.76,70,equestrian,1,0,0
Matias del Solar,CHI,male,11/29/1975,1.84,87,sailing,0,0,0
Matias Tudela,ESP,male,10/6/1984,1.88,95,rugby sevens,0,0,0
Matt Gotrel,GBR,male,3/1/1989,1.95,95,rowing,1,0,0
Matteo Aicardi,ITA,male,4/19/1986,1.92,102,aquatics,0,0,1
Matteo Giupponi,ITA,male,10/8/1988,1.89,70,trackfield,0,0,0
Matteo Marconcini,ITA,male,8/26/1989,1.85,81,judo,0,0,0
Matteo Stefanini,ITA,male,4/29/1984,1.9,91,rowing,0,0,0
Matthew Dellavedova,AUS,male,9/8/1990,1.91,89,basketball,0,0,0
Matthew Emmons,USA,male,4/5/1981,1.76,83,shooting,0,0,0
Matthew McGovern,IRL,male,9/20/1984,1.8,82,sailing,0,0,0
Matthew Miller,USA,male,1/13/1989,1.96,98,rowing,0,0,0
Matthieu Peche,FRA,male,10/7/1987,1.75,75,canoe,0,0,1
Mauricio Arteaga,ECU,male,8/8/1988,1.77,68,trackfield,0,0,0
Mauricio Martinez,ARG,male,2/20/1993,1.67,70,soccer,0,0,0
Max Hess,GER,male,7/13/1996,1.85,80,trackfield,0,0,0
Max Hoff,GER,male,9/12/1982,1.97,95,canoe,1,0,0
Max Litchfield,GBR,male,3/4/1995,1.68,78,aquatics,0,0,0
Max Mirnyi,BLR,male,7/6/1977,1.96,99,tennis,0,0,0
Maxemillion Kassman,PNG,male,7/17/1998,1.75,64,taekwondo,0,0,0
Maxim Bouchard,CAN,male,9/18/1990,1.8,71,aquatics,0,0,0
Maxim Rakov,KAZ,male,2/7/1986,1.81,100,judo,0,0,0
Maxime Beaumont,FRA,male,4/23/1982,1.91,94,canoe,0,1,0
Maxime Marotte,FRA,male,12/5/1986,1.72,62,cycling,0,0,0
Maximilian Korge,GER,male,10/12/1994,1.93,92,rowing,0,0,0
Maxwell Holt,USA,male,3/12/1987,2.05,90,volleyball,0,0,1
Maykel Masso,CUB,male,5/8/1999,1.74,61,trackfield,0,0,0
Mebrahtom Keflezighi,USA,male,5/5/1975,1.66,56,trackfield,0,0,0
Mechiel Versluis,NED,male,7/29/1987,1.97,95,rowing,0,0,1
Mehdi Mahdavi,IRI,male,2/13/1984,1.91,96,volleyball,0,0,0
Mekonnen Gebremedhin,ETH,male,10/11/1988,1.81,61,trackfield,0,0,0
Memo,INA,male,1/8/1995,1.92,88,rowing,0,0,0
Menzi Masuku,RSA,male,4/15/1993,1.69,61,soccer,0,0,0
Merdan Atayev,TKM,male,5/8/1995,1.96,80,aquatics,0,0,0
Merrill Moses,USA,male,8/13/1977,1.91,97,aquatics,0,0,0
Micah Christenson,USA,male,5/8/1993,1.98,88,volleyball,0,0,1
Michael Damgaard Nielsen,DEN,male,3/18/1990,1.92,92,handball,1,0,0
Michael Gbinije,NGR,male,6/5/1992,2.01,90,basketball,0,0,0
Michael Hansen,DEN,male,2/14/1990,1.82,82,sailing,0,0,0
Michael Hoare,GBR,male,11/14/1985,1.76,77,hockey,0,0,0
Michael Jung,GER,male,7/31/1982,1.68,70,equestrian,1,1,0
Michael Kalomiris,GRE,male,10/9/1986,1.81,65,trackfield,0,0,0
Michael Mathieu,BAH,male,6/24/1984,1.78,76,trackfield,0,0,1
Michael McPhail,USA,male,12/15/1981,1.83,88,shooting,0,0,0
Michael Robson,IRL,male,4/18/1995,1.75,70,hockey,0,0,0
Michael Tinsley,USA,male,4/21/1984,1.86,74,trackfield,0,0,0
Michal Pietrzak,POL,male,4/3/1989,1.85,80,trackfield,0,0,0
Michal Smolen,USA,male,9/13/1993,1.81,70,canoe,0,0,0
Mick Clohissey,IRL,male,1/13/1986,1.8,64,trackfield,0,0,0
Miguel Angel Lopez Moreno,COL,male,2/4/1994,1.7,58,cycling,0,0,0
Miguel Ferrera,HON,male,5/25/1981,1.8,80,taekwondo,0,0,0
Miguel Marriaga,VEN,male,6/6/1984,2.06,118,basketball,0,0,0
Mihail Anastasakis,GRE,male,12/3/1994,1.84,102,trackfield,0,0,0
Mihail Krassilov,KAZ,male,3/5/1990,1.83,70,trackfield,0,0,0
Mijain Lopez Nunez,CUB,male,8/20/1982,1.98,130,wrestling,1,0,0
Mikael Appelgren,SWE,male,9/6/1989,1.91,103,handball,0,0,0
Mikalai Sharlap,BLR,male,3/30/1994,1.98,103,rowing,0,0,0
Mikel Thomas,TTO,male,11/23/1987,1.7,79,trackfield,0,0,0
Mikkel Hansen,DEN,male,10/22/1987,1.96,98,handball,1,0,0
Mikolaj Burda,POL,male,7/8/1982,1.92,98,rowing,0,0,0
Milad Ebadipour Ghara H.,IRI,male,10/17/1993,1.96,78,volleyball,0,0,0
Milan Ristic,SRB,male,8/8/1991,1.87,83,trackfield,0,0,0
Milenko Sebic,SRB,male,12/30/1984,1.97,95,shooting,0,0,0
Milosz Jankowski,POL,male,1/17/1990,1.93,70,rowing,0,0,0
Ming Tai Chan,HKG,male,1/30/1995,1.75,60,trackfield,0,0,0
Minsu Kang,KOR,male,3/31/1986,1.73,76,shooting,0,0,0
Miroslav Kirchev,BUL,male,6/12/1990,1.86,78,canoe,0,0,0
Mirza Basic,BIH,male,7/12/1991,1.87,85,tennis,0,0,0
Misha Zilberman,ISR,male,1/30/1989,1.71,61,badminton,0,0,0
Mitsuaki Shiga,JPN,male,9/16/1991,1.77,75,aquatics,0,0,0
Moacir Zimmermann,BRA,male,12/30/1983,1.84,70,trackfield,0,0,0
Mohamed Abdelaal,EGY,male,7/23/1990,1.75,81,judo,0,0,0
Mohamed Alaa Hashem,EGY,male,1/23/1988,1.78,75,handball,0,0,0
Mohamed Ali Bhar,TUN,male,9/17/1989,1.8,82,handball,0,0,0
Mohamed Amer,EGY,male,12/12/1987,1.86,72,handball,0,0,0
Mohamed Arafet Naceur,TUN,male,11/4/1988,1.9,76,volleyball,0,0,0
Mohamed Ayoub Ferjani,TUN,male,7/27/1986,1.75,75,fencing,0,0,0
Mohamed Hesham Elbassiouny,EGY,male,5/10/1990,1.84,75,handball,0,0,0
Mohamed Ismail Ibrahim,DJI,male,1/1/1997,1.7,63,trackfield,0,0,0
Mohamed Saadaoui,TUN,male,5/11/1995,1.76,86,wrestling,0,0,0
Mohamed Sghaier,TUN,male,7/18/1988,1.85,79,trackfield,0,0,0
Mohammadjafar Moradi,IRI,male,4/10/1990,1.69,62,trackfield,0,0,0
Mohammed Al-Khafaji,IRQ,male,2/20/1994,1.81,75,rowing,0,0,0
Mohammed Amine Tayeb,ALG,male,9/28/1985,1.9,100,judo,0,0,0
Mohanad Abdulraheem,IRQ,male,9/22/1993,1.84,75,soccer,0,0,0
Moises Daniel Hernandez Encarnacion,DOM,male,3/22/1993,1.91,79,taekwondo,0,0,0
Morad Zemouri,QAT,male,3/3/1993,1.73,73,judo,0,0,0
Morea Baru,PNG,male,4/15/1990,1.62,62,weightlifting,0,0,0
Muamer Tankovic,SWE,male,2/22/1995,1.8,70,soccer,0,0,0
Muhammad Akmal Nor Hasrin,MAS,male,7/15/1995,1.8,74,archery,0,0,0
Muhammad Halim,ISV,male,10/26/1986,1.91,82,trackfield,0,0,0
Muhammad Wijaya,INA,male,8/22/1996,1.71,70,archery,0,0,0
Muhao Li,CHN,male,6/2/1992,2.18,115,basketball,0,0,0
Muminjon Abdullaev,UZB,male,12/24/1989,1.9,130,wrestling,0,0,0
Musa Hajdari,KOS,male,10/11/1987,1.87,74,trackfield,0,0,0
Mustafa Kaya,TUR,male,6/6/1992,1.64,65,wrestling,0,0,0
Mykhailo Romanchuk,UKR,male,8/7/1996,1.9,82,aquatics,0,0,0
Nacif Elias,LIB,male,9/29/1988,1.72,78,judo,0,0,0
Nando De Colo,FRA,male,6/23/1987,1.96,90,basketball,0,0,0
Naohisa Takato,JPN,male,5/30/1993,1.6,60,judo,0,0,1
Napis Tortungpanich,THA,male,3/29/1995,1.74,56,shooting,0,0,0
Nathan Bailey,GBR,male,7/24/1993,1.78,71,gymnastics,0,0,0
Nathan Brannen,CAN,male,9/8/1982,1.74,58,trackfield,0,0,0
Natthaphong Phonoppharat,THA,male,5/16/1988,1.77,72,sailing,0,0,0
Nazar Kovalenko,UKR,male,2/9/1987,1.77,68,trackfield,0,0,0
Ned Justeen Azemia,SEY,male,8/21/1997,1.77,65,trackfield,0,0,0
Nelson Filipe Santos Simoes Oliveira,POR,male,3/6/1989,1.8,67,cycling,0,0,0
Nelson Kipkosgei Cherutich,BRN,male,3/9/1993,1.7,60,trackfield,0,0,0
Nezir Karap,TUR,male,1/2/1994,1.74,74,aquatics,0,0,0
Nic Woods,NZL,male,8/26/1995,1.8,90,hockey,0,0,0
Nicholas Kiplagat Bett,KEN,male,1/27/1990,1.9,75,trackfield,0,0,0
Nicholas Lucena,USA,male,9/22/1979,1.86,83,volleyball,0,0,0
Nick Haig,NZL,male,3/12/1987,1.8,82,hockey,0,0,0
Nick Wilson,NZL,male,8/6/1990,1.8,81,hockey,0,0,0
Nickel Ashmeade,JAM,male,4/7/1990,1.85,88,trackfield,1,0,0
Nicola Philippaerts,BEL,male,7/30/1993,1.86,76,equestrian,0,0,0
Nicolae-Alexandru Soare,ROU,male,9/20/1991,1.68,59,trackfield,0,0,0
Nicolas Batum,FRA,male,12/14/1988,2.03,105,basketball,0,0,0
Nicolas Brussino,ARG,male,3/2/1993,2,84,basketball,0,0,0
Nicolas Cordoba,ARG,male,11/20/1989,1.65,71,gymnastics,0,0,0
Nicolas D'Oriano,FRA,male,5/5/1997,1.75,68,aquatics,0,0,0
Nicolas Jacobi,GER,male,4/13/1987,1.93,95,hockey,0,0,1
Nicolas Laprovittola,ARG,male,1/31/1990,1.93,88,basketball,0,0,0
Nicolas le Goff,FRA,male,2/15/1992,2.06,115,volleyball,0,0,0
Nicolas Mahut,FRA,male,1/21/1982,1.9,82,tennis,0,0,0
Nicolas Nilo,BRA,male,8/4/1987,1.95,92,aquatics,0,0,0
Nigel Levine,GBR,male,4/30/1989,1.76,72,trackfield,0,0,0
Nijat Shikhalizada,AZE,male,10/12/1988,1.64,66,judo,0,0,0
Nikita Morgachev,RUS,male,5/3/1981,1.96,98,rowing,0,0,0
Nikita Shurshin,RUS,male,4/8/1993,1.92,96,cycling,0,0,0
Niklas Suele,GER,male,9/3/1995,1.94,100,soccer,0,1,0
Nikola Jaksic,SRB,male,1/17/1997,1.97,89,aquatics,1,0,0
Nikolay Kovalev,RUS,male,10/28/1986,1.77,74,fencing,0,0,0
Nikoloz Basilashvili,GEO,male,2/23/1992,1.85,80,tennis,0,0,0
Nile Wilson,GBR,male,1/17/1996,1.66,60,gymnastics,0,0,1
Nils Petersen,GER,male,12/6/1988,1.88,80,soccer,0,1,0
Nilson Moreira da Silva,BRA,male,12/24/1976,1.78,74,equestrian,0,0,0
Nima Alamian,IRI,male,12/24/1992,1.74,70,table tennis,0,0,0
Nkosingiphile Gumede,RSA,male,12/1/1993,1.92,95,soccer,0,0,0
Norbert Hosnyanszky,HUN,male,3/4/1984,1.96,101,aquatics,0,0,0
Norbert Trandafir,ROU,male,2/8/1988,1.9,85,aquatics,0,0,0
Noshad Alamiyan,IRI,male,11/21/1991,1.7,67,table tennis,0,0,0
Nurmakhan Tinaliyev,KAZ,male,1/10/1988,1.98,130,wrestling,0,0,0
Okcheol Kim,KOR,male,11/16/1994,1.79,70,cycling,0,0,0
Ole Hesselbjerg,DEN,male,4/23/1990,1.85,67,trackfield,0,0,0
Oleg Verniaiev,UKR,male,9/29/1993,1.6,56,gymnastics,1,1,0
Oleksandr Chernetskyy,UKR,male,2/17/1984,1.95,130,wrestling,0,0,0
Oleksandr Gorshkovozov,UKR,male,7/18/1991,1.73,66,aquatics,0,0,0
Oleksandr Pielieshenko,UKR,male,1/7/1994,1.7,85,weightlifting,0,0,0
Oleksiy Kasyanov,UKR,male,8/26/1985,1.91,88,trackfield,0,0,0
Oliver Dingley,IRL,male,11/24/1992,1.63,60,aquatics,0,0,0
Oliver Geis,GER,male,6/20/1991,1.76,86,shooting,0,0,0
Olivier Beer,SUI,male,10/18/1990,1.8,69,cycling,0,0,0
Olivier Siegelaar,NED,male,10/24/1986,1.97,100,rowing,0,0,1
Omar Elgeziry,EGY,male,1/20/1985,1.85,77,modern pentathlon,0,0,0
Omid Haji Noroozi,IRI,male,2/18/1986,1.75,70,wrestling,0,0,0
Onur Balkan,TUR,male,3/10/1996,1.76,70,cycling,0,0,0
Oribe Peralta,MEX,male,1/12/1984,1.78,76,soccer,0,0,0
Oscar Salas,HON,male,12/8/1993,1.72,73,soccer,0,0,0
Osea Kolinisau,FIJ,male,11/17/1985,1.74,90,rugby sevens,1,0,0
Osleni Guerrero,CUB,male,10/18/1989,1.89,88,badminton,0,0,0
Osmaidel Pellicier,CUB,male,3/30/1992,1.88,88,trackfield,0,0,0
Osniel Cecilio Rendon Gonzalez,CUB,male,10/26/1996,2.02,90,volleyball,0,0,0
Oswaldo dos Santos Guimaraes,BRA,male,10/23/1989,1.83,90,handball,0,0,0
Otgonbaatar Lkhagvasuren,MGL,male,1/20/1993,1.82,94,judo,0,0,0
Oumar Toure,MLI,male,1/24/1996,1.59,57,aquatics,0,0,0
Pablo Aprahamian,URU,male,9/13/1985,1.8,97,judo,0,0,0
Pablo Barrios,VEN,male,7/14/1964,1.79,72,equestrian,0,0,0
Pablo Braegger,SUI,male,11/27/1992,1.69,64,gymnastics,0,0,0
Pablo de Torres,ARG,male,4/14/1984,1.9,86,canoe,0,0,0
Padasak Tanviriyavechakul,THA,male,5/17/1996,1.68,60,table tennis,0,0,0
Padraig Harrington,IRL,male,8/31/1971,1.85,86,golf,0,0,0
Paolo Pizzo,ITA,male,4/4/1983,1.8,70,fencing,0,1,0
Pardeep Mor,IND,male,6/3/1992,1.76,67,hockey,0,0,0
Pascal Gregor,DEN,male,2/18/1994,1.89,82,soccer,0,0,0
Pascal Lussier,CAN,male,9/13/1991,1.9,90,rowing,0,0,0
Pascal Martinot-Lagarde,FRA,male,9/22/1991,1.89,85,trackfield,0,0,0
Pat McCutcheon,AUS,male,6/24/1987,1.87,105,rugby sevens,0,0,0
Patrick Constable,AUS,male,7/15/1995,1.83,95,cycling,0,0,0
Patrick Huston,GBR,male,1/5/1996,1.83,84,archery,0,0,0
Patrik Tybor,SVK,male,9/16/1987,1.86,89,cycling,0,0,0
Patryk Dobek,POL,male,2/13/1994,1.87,75,trackfield,0,0,0
Pau Quemada,ESP,male,9/4/1983,1.73,69,hockey,0,0,0
Paul Biedermann,GER,male,8/7/1986,1.93,97,aquatics,0,0,0
Paul Drux,GER,male,2/7/1995,1.92,106,handball,0,0,1
Paul Sieber,AUT,male,2/12/1993,1.77,70,rowing,0,0,0
Paulo Roberto Paula,BRA,male,7/8/1979,1.7,55,trackfield,0,0,0
Paulo Salemi,BRA,male,8/8/1993,1.91,94,aquatics,0,0,0
Pavel Eigel,RUS,male,3/1/1990,1.78,81,canoe,0,0,0
Pavel Ilyashenko,KAZ,male,6/23/1990,1.81,76,modern pentathlon,0,0,0
Pavel Khadasevich,BLR,male,7/16/1993,1.73,84,weightlifting,0,0,0
Pavlo Matsuyev,UKR,male,11/5/1990,1.81,72,sailing,0,0,0
Pavlo Tymoshchenko,UKR,male,10/13/1986,1.92,78,modern pentathlon,0,1,0
Pavlos Kagialis,GRE,male,7/14/1984,1.84,74,sailing,0,0,1
Pavlos Kontides,CYP,male,2/11/1990,1.83,82,sailing,0,0,0
Pawel Fajdek,POL,male,6/4/1989,1.86,126,trackfield,0,0,0
Pawel Korzeniowski,POL,male,7/9/1985,1.92,86,aquatics,0,0,0
Pawel Wojciechowski,POL,male,6/6/1989,1.9,85,trackfield,0,0,0
Pedro Daniel Gomez,MEX,male,12/31/1990,1.78,70,trackfield,0,0,0
Peimeng Zhang,CHN,male,3/13/1987,1.86,78,trackfield,0,0,0
Peng Tang,HKG,male,2/4/1981,1.78,77,table tennis,0,0,0
Petar Tomasevic,FRA,male,1/2/1989,1.92,100,aquatics,0,0,0
Peter Burling,NZL,male,1/1/1991,1.86,82,sailing,1,0,0
Peter Holoda,HUN,male,1/9/1996,1.96,90,aquatics,0,0,0
Peter Lambert,GBR,male,12/3/1986,1.9,90,rowing,0,0,0
Peter Lombard Ii,GUM,male,5/24/1976,1.7,73,cycling,0,0,0
Peter Matthews,JAM,male,11/13/1989,1.88,84,trackfield,0,1,0
Petr Frydrych,CZE,male,1/13/1988,2,100,trackfield,0,0,0
Petr Svoboda,CZE,male,10/10/1984,1.95,90,trackfield,0,0,0
Petro Pakhnyuk,AZE,male,11/26/1991,1.73,64,gymnastics,0,0,0
Phelan Hill,GBR,male,7/21/1979,1.72,55,rowing,1,0,0
Philip Stenmalm,SWE,male,3/3/1992,2,103,handball,0,0,0
Phuoc Hoang,VIE,male,3/24/1993,1.8,75,aquatics,0,0,0
Pierre Pujol,FRA,male,7/13/1984,1.86,90,volleyball,0,0,0
Pieter Timmers,BEL,male,1/21/1988,2,89,aquatics,0,1,0
Pieter-Jan Hannes,BEL,male,10/30/1992,1.86,75,trackfield,0,0,0
Piotr Juszczak,POL,male,7/3/1988,1.97,94,rowing,0,0,0
Pirmammad Aliyev,KAZ,male,11/2/1997,1.7,63,gymnastics,0,0,0
Pita Nikolas Taufatofua,TGA,male,11/5/1983,1.91,100,taekwondo,0,0,0
Pol Arias Dourdet,AND,male,8/8/1996,1.75,80,aquatics,0,0,0
Polat Kemboi Arikan,TUR,male,12/12/1990,1.75,59,trackfield,0,0,0
Pourya Norouziyan,IRI,male,1/22/1992,1.76,63,shooting,0,0,0
Praneel Naidu,FIJ,male,1/29/1995,1.76,66,soccer,0,0,0
Przemyslaw Wacha,POL,male,1/31/1981,1.82,81,badminton,0,0,0
Qendrim Guri,KOS,male,11/27/1993,1.75,70,cycling,0,0,0
Qi Zhou,CHN,male,1/16/1996,2.17,95,basketball,0,0,0
Qiang Meng,CHN,male,7/3/1987,1.86,122,wrestling,0,0,0
Quentin Rew,NZL,male,7/16/1984,1.74,60,trackfield,0,0,0
Race Imboden,USA,male,4/17/1993,1.86,74,fencing,0,0,1
Rachid Sidibe,BUR,male,12/2/1990,1.77,119,judo,0,0,0
Radek Stepanek,CZE,male,11/27/1978,1.86,78,tennis,0,0,1
Rafael Capote,QAT,male,10/5/1987,1.98,106,handball,0,0,0
Rafael Quintero,PUR,male,7/24/1994,1.8,68,aquatics,0,0,0
Rafael Silva,BRA,male,5/11/1987,2.03,160,judo,0,0,1
Rafal Majka,POL,male,9/12/1989,1.73,61,cycling,0,0,1
Rafith Rodriguez,COL,male,6/1/1989,1.9,75,trackfield,0,0,0
Raghunath Vokkaliga,IND,male,11/1/1988,1.79,89,hockey,0,0,0
Raiber Jose Rodriguez Orozco,VEN,male,12/28/1990,1.68,69,wrestling,0,0,0
Ramadan Darwish,EGY,male,1/29/1988,1.88,100,judo,0,0,0
Ramandeep Singh,IND,male,4/1/1993,1.79,70,hockey,0,0,0
Ramiro Quintana,ARG,male,3/7/1977,1.72,70,equestrian,0,0,0
Rasmus Christian Quaade,DEN,male,1/7/1990,1.87,77,cycling,0,0,1
Ratu Nakalevu,FIJ,male,3/7/1994,1.7,73,soccer,0,0,0
Raul Pacheco,PER,male,4/26/1979,1.67,55,trackfield,0,0,0
Redouane Cherifi,ALG,male,2/22/1993,1.8,70,soccer,0,0,0
Regan Ware,NZL,male,8/7/1994,1.84,93,rugby sevens,0,0,0
Reinier Estpinan,CUB,male,12/5/1982,1.7,72,shooting,0,0,0
Renato Rezende,BRA,male,2/28/1991,1.71,72,cycling,0,0,0
Rene Enders,GER,male,2/13/1987,1.65,77,cycling,0,0,0
Rene Lopez,COL,male,4/5/1964,1.68,70,equestrian,0,0,0
Renxue Zhu,CHN,male,4/6/1991,1.7,50,trackfield,0,0,0
Riau Ega Agatha,INA,male,10/25/1991,1.75,70,archery,0,0,0
Ricardo Esgaio,POR,male,5/16/1993,1.75,80,soccer,0,0,0
Riccardo Mazzetti,ITA,male,5/2/1984,1.81,77,shooting,0,0,0
Richard Chambers,GBR,male,6/10/1985,1.83,74,rowing,0,0,0
Richard Hounslow,GBR,male,12/19/1981,1.83,78,canoe,0,1,0
Richard Weinberger,CAN,male,6/7/1990,1.84,72,aquatics,0,0,0
Richer Perez,CUB,male,2/20/1986,1.63,58,trackfield,0,0,0
Richie Campbell,AUS,male,9/18/1987,1.93,99,aquatics,0,0,0
Rick Yves Confiance,SEY,male,5/24/1994,1.65,62,weightlifting,0,0,0
Ricky Robertson,USA,male,9/19/1990,1.81,74,trackfield,0,0,0
Riley Fitzsimmons,AUS,male,7/27/1996,1.92,93,canoe,0,0,0
Rob Mullett,GBR,male,7/31/1987,1.78,64,trackfield,0,0,0
Robbert Kemperman,NED,male,6/24/1990,1.86,76,hockey,0,0,0
Robel Kiros Habte,ETH,male,4/13/1992,1.76,81,aquatics,0,0,0
Robert Elder,FIJ,male,4/25/1981,1.94,115,archery,0,0,0
Robert Fuchs,POL,male,6/12/1991,2.09,105,rowing,0,0,0
Robert Grabarz,GBR,male,10/3/1987,1.91,81,trackfield,0,0,0
Robert Micael Gibson,CAN,male,2/2/1986,1.95,101,rowing,0,0,0
Robert Paez,VEN,male,6/1/1994,1.74,72,aquatics,0,0,0
Roberto Schmits,BRA,male,2/4/1969,1.87,90,shooting,0,0,0
Roberto Skyers,CUB,male,11/12/1991,1.83,83,trackfield,0,0,0
Robin Pacek,SWE,male,3/17/1991,1.81,81,judo,0,0,0
Robin Seidl,AUT,male,1/21/1990,1.9,80,volleyball,0,0,0
Roc Oliva,ESP,male,7/18/1989,1.8,78,hockey,0,0,0
Rodman Teltull,PLW,male,1/29/1994,1.53,64,trackfield,0,0,0
Rodolfo Lombardo Ontiveros Gomez,MEX,male,11/9/1983,1.85,87,volleyball,0,0,0
Rodrigo Diego,MEX,male,12/2/1996,1.66,69,aquatics,0,0,0
Rodrigo Etchart,ARG,male,1/24/1994,1.8,80,rugby sevens,0,0,0
Roel Braas,NED,male,3/11/1987,2,100,rowing,0,0,0
Roger Tahull Compte,ESP,male,5/11/1997,1.95,105,aquatics,0,0,0
Roger Yves Bost,FRA,male,10/21/1965,1.76,80,equestrian,1,0,0
Rogerio Dutra Silva,BRA,male,2/5/1984,1.8,73,tennis,0,0,0
Rolf-Goran Bengtsson,SWE,male,6/2/1962,1.71,67,equestrian,0,0,0
Romain Bardet,FRA,male,11/9/1990,1.84,64,cycling,0,0,0
Romain Blary,FRA,male,10/20/1985,1.95,100,aquatics,0,0,0
Roman Valiyev,KAZ,male,3/27/1984,1.9,76,trackfield,0,0,0
Romano Battisti,ITA,male,8/21/1986,1.9,91,rowing,0,0,0
Romario Leitao,STP,male,1/16/1997,1.75,56,trackfield,0,0,0
Ronald Rauhe,GER,male,10/3/1981,1.79,82,canoe,0,0,1
Rondel Sorrillo,TTO,male,1/24/1986,1.78,62,trackfield,0,0,0
Ross Millington,GBR,male,9/19/1989,1.73,58,trackfield,0,0,0
Ruaridh McConnochie,GBR,male,10/23/1991,1.9,93,rugby sevens,0,1,0
Ruben Limardo Gascon,VEN,male,8/3/1985,1.75,75,fencing,0,0,0
Rudy Fernandez,ESP,male,4/4/1985,1.96,84,basketball,0,0,1
Rudy Winkler,USA,male,12/6/1994,1.88,108,trackfield,0,0,0
Ruggero Pertile,ITA,male,8/8/1974,1.65,55,trackfield,0,0,0
Rui Alberto Faria da Costa,POR,male,10/5/1986,1.83,68,cycling,0,0,0
Rui Braganca,POR,male,12/26/1991,1.8,60,taekwondo,0,0,0
Ruslan Tsarev,KGZ,male,7/16/1991,1.7,66,wrestling,0,0,0
Ruslan Zhaparov,KAZ,male,5/27/1996,1.98,80,taekwondo,0,0,0
Rutger van Schaardenburg,NED,male,10/8/1987,1.88,80,sailing,0,0,0
Ruy Fonseca,BRA,male,6/9/1973,1.81,76,equestrian,0,0,0
Ryan Cochrane,CAN,male,7/24/1983,1.78,78,canoe,0,0,0
Ryan Fisher,AUS,male,4/5/1991,1.73,64,triathlon,0,0,0
Ryan Murphy,USA,male,7/2/1995,1.91,90,aquatics,3,0,0
Ryan Patterson,RSA,male,1/10/1994,1.77,72,gymnastics,0,0,0
Ryunosuke Haga,JPN,male,4/28/1991,1.86,100,judo,0,0,1
Saeed Almaktoum,UAE,male,10/1/1976,1.74,88,shooting,0,0,0
Saehyuk Joo,KOR,male,1/20/1980,1.8,67,table tennis,0,0,0
Sajan Prakash Prakash,IND,male,9/14/1993,1.78,70,aquatics,0,0,0
Sam Dickson,NZL,male,10/28/1989,1.93,101,rugby sevens,0,0,0
Sam Dommer,USA,male,9/4/1991,1.88,91,rowing,0,0,0
Sam Dorman,USA,male,8/30/1991,1.76,77,aquatics,0,1,0
Sam McEntee,AUS,male,2/3/1992,1.91,67,trackfield,0,0,0
Sam Meech,NZL,male,4/4/1991,1.83,81,sailing,0,0,1
Samuel Cordova,MEX,male,3/13/1989,2,89,volleyball,0,0,0
Sander de Wijn,NED,male,5/2/1990,1.83,78,hockey,0,0,0
Sanghyeok Woo,KOR,male,4/23/1996,1.87,70,trackfield,0,0,0
Sangyoung Park,KOR,male,10/16/1995,1.77,73,fencing,1,0,0
Santiago Alvarez,ARG,male,1/17/1994,1.88,93,rugby sevens,0,0,0
Santino Kenyi,SSD,male,8/14/1993,1.8,75,trackfield,0,0,0
Santisouk Inthavong,LAO,male,9/2/1999,1.7,60,aquatics,0,0,0
Sargis Martirosjan,AUT,male,9/14/1986,1.79,104,weightlifting,0,0,0
Saul Craviotto,ESP,male,11/3/1984,1.92,98,canoe,1,0,1
Sean Safo-Antwi,GHA,male,10/31/1990,1.71,69,trackfield,0,0,0
Sebastiaan Verschuren,NED,male,10/7/1988,1.92,84,aquatics,0,0,0
Sebastian Brendel,GER,male,3/12/1988,1.92,92,canoe,2,0,0
Sebastian Kuntschik,AUT,male,9/23/1988,1.82,79,shooting,0,0,0
Sebastian Seidl,GER,male,7/12/1990,1.74,70,judo,0,0,0
Sebastian Villa,COL,male,2/21/1992,1.64,59,aquatics,0,0,0
Sebastien Combot,FRA,male,2/9/1987,1.69,64,canoe,0,0,0
Sebastien Schneiter,SUI,male,9/24/1995,1.76,72,sailing,0,0,0
Sergey Grankin,RUS,male,1/21/1985,1.95,96,volleyball,0,0,0
Sergey Kamenskiy,RUS,male,10/7/1987,1.78,73,shooting,0,1,0
Sergey Semenov,RUS,male,8/10/1995,1.87,130,wrestling,0,0,1
Sergey Tetyukhin,RUS,male,9/23/1975,1.97,89,volleyball,0,0,0
Serghei Cechir,MDA,male,10/15/1990,1.72,69,weightlifting,0,0,0
Serghei Tvetcov,ROU,male,12/29/1988,1.78,70,cycling,0,0,0
Sergio Luis Henao Montoya,COL,male,12/10/1987,1.7,61,cycling,0,0,0
Sergio Oliveira,POR,male,6/2/1992,1.8,80,soccer,0,0,0
Serhiy Kulish,UKR,male,4/17/1993,1.76,64,shooting,0,1,0
Ser-Od Bat-Ochir,MGL,male,10/7/1981,1.69,61,trackfield,0,0,0
Seulchan Lee,KOR,male,8/15/1993,1.72,65,soccer,0,0,0
Seunghyun Jung,KOR,male,4/3/1994,1.88,74,soccer,0,0,0
Shahar Zubari,ISR,male,9/1/1986,1.77,68,sailing,0,0,0
Sharath Kamal Achanta,IND,male,7/12/1982,1.86,85,table tennis,0,0,0
Shaun Keeling,RSA,male,1/21/1987,1.96,94,rowing,0,1,0
Shawn Dingilius-Wallace,PLW,male,7/26/1994,1.84,93,aquatics,0,0,0
Sheng Lei,CHN,male,3/7/1984,1.93,77,fencing,0,0,0
Shengbo Zhao,CHN,male,4/14/1982,1.75,81,shooting,0,0,0
Sherko Kareem,IRQ,male,5/25/1996,1.74,70,soccer,0,0,0
Sho Kawamoto,JPN,male,3/1/1993,1.75,68,trackfield,0,0,0
Shohei Ono,JPN,male,2/3/1992,1.7,73,judo,1,0,0
Shohei Toyoshima,JPN,male,1/9/1989,1.75,87,rugby sevens,0,0,0
Shota Iizuka,JPN,male,6/25/1991,1.85,80,trackfield,0,1,0
Shun Wang,CHN,male,2/11/1994,1.91,81,aquatics,0,0,1
Sibusiso Matsenjwa,SWZ,male,5/2/1988,1.8,82,trackfield,0,0,0
Sidni Hoxha,ALB,male,6/1/1992,1.93,87,aquatics,0,0,0
Silvan Dillier,SUI,male,8/3/1990,1.83,73,cycling,0,0,0
Simon Child,NZL,male,4/16/1988,1.86,80,hockey,0,0,0
Simon Gougnard,BEL,male,1/17/1991,1.87,84,hockey,0,1,0
Simon Schuerch,SUI,male,12/2/1990,1.86,75,rowing,1,0,0
Simon Sjodin,SWE,male,10/4/1986,1.92,85,aquatics,0,0,0
Simonas Bilis,LTU,male,11/11/1993,1.98,100,aquatics,0,0,0
Sirish Gurung,NEP,male,8/11/1998,1.58,65,aquatics,0,0,0
Slobodan Soro,BRA,male,12/23/1978,1.96,100,aquatics,0,0,0
Sobhi Saied,TUN,male,9/26/1982,1.86,86,handball,0,0,0
Sonny Bill Williams,NZL,male,8/3/1985,1.94,106,rugby sevens,0,0,0
Sonny Webster,GBR,male,3/10/1994,1.78,94,weightlifting,0,0,0
Sopuruchi Dimgba,NGR,male,3/29/1993,1.68,68,soccer,0,0,0
Soren Kjeldsen,DEN,male,5/17/1975,1.7,72,golf,0,0,0
Sovijja Pou,CAM,male,7/18/1995,1.69,62,aquatics,0,0,0
Steele Johnson,USA,male,6/16/1996,1.88,79,aquatics,0,1,0
Stefan Fegerl,AUT,male,9/12/1988,1.86,69,table tennis,0,0,0
Stefan Mitrovic,SRB,male,3/29/1988,1.95,91,aquatics,1,0,0
Stefano la Rosa,ITA,male,9/28/1985,1.7,54,trackfield,0,0,0
Stefano Raffaele Marcia,RSA,male,11/23/1993,1.78,80,sailing,0,0,0
Stefanos Dimitriadis,GRE,male,9/8/1989,1.89,82,aquatics,0,0,0
Steffen Peters,USA,male,9/18/1964,1.73,68,equestrian,0,0,1
Stepan Maryanyan,RUS,male,9/21/1991,1.65,59,wrestling,0,0,0
Stephan Krueger,GER,male,11/29/1988,1.87,86,rowing,0,0,0
Stephen Milne,GBR,male,4/29/1994,1.86,76,aquatics,0,1,0
Stephen Mokoka,RSA,male,1/31/1985,1.57,52,trackfield,0,0,0
Stephen Mozia,NGR,male,8/16/1993,1.91,124,trackfield,0,0,0
Steve Morabito,SUI,male,1/30/1983,1.87,73,cycling,0,0,0
Steven Marshall,CAN,male,11/23/1989,1.93,87,volleyball,0,0,0
Stian Skjerahaug,NOR,male,3/8/1992,1.71,66,gymnastics,0,0,0
Stipe Zunic,CRO,male,12/13/1990,1.93,134,trackfield,0,0,0
Stsiapan Rahautsou,BLR,male,5/29/1986,1.74,58,trackfield,0,0,0
Sultan Duzelbayev,KAZ,male,3/12/1994,1.76,46,archery,0,0,0
Sungmin Kim,KOR,male,6/29/1987,1.9,130,judo,0,0,0
Szymon Staskiewicz,POL,male,1/3/1987,1.86,80,modern pentathlon,0,0,0
Tadesse Abraham,SUI,male,8/12/1982,1.78,61,trackfield,0,0,0
Tafese Seboka,ETH,male,9/29/1993,1.77,66,trackfield,0,0,0
Tagir Khaibulaev,RUS,male,7/24/1984,1.82,100,judo,0,0,0
Taha Akgul,TUR,male,11/22/1990,1.92,125,wrestling,1,0,0
Taimuraz Friev Naskidaeva,ESP,male,9/15/1986,1.76,84,wrestling,0,0,0
Tairat Bunsuk,THA,male,1/11/1993,1.61,69,weightlifting,0,0,0
Taiwo Awoniyi,NGR,male,8/12/1997,1.82,71,soccer,0,0,0
Taizo Sugitani,JPN,male,6/27/1976,1.7,63,equestrian,0,0,0
Takamasa Kitagawa,JPN,male,9/5/1996,1.77,69,trackfield,0,0,0
Takuya Haneda,JPN,male,7/17/1987,1.75,70,canoe,0,0,1
Talgat Ilyasov,AUS,male,2/25/1981,1.75,74,wrestling,0,0,0
Tamas Lorincz,HUN,male,12/20/1986,1.72,75,wrestling,0,0,0
Tamas Somoracz,HUN,male,4/11/1992,1.95,92,canoe,0,0,0
Tamas Toth,HUN,male,5/29/1989,1.75,65,triathlon,0,0,0
Tanel Kangert,EST,male,3/11/1987,1.78,66,cycling,0,0,0
Taras Mishchuk,UKR,male,7/22/1995,1.87,85,canoe,0,0,1
Tarek Ayad,EGY,male,5/29/1987,1.8,75,fencing,0,0,0
Tavis Bailey,USA,male,1/6/1992,1.91,124,trackfield,0,0,0
Taylor Sander,USA,male,3/17/1992,1.96,80,volleyball,0,0,1
Teddy Atine - Venel,FRA,male,3/16/1985,1.84,77,trackfield,0,0,0
Temuujin Purevjav,MGL,male,6/2/1994,1.73,63,taekwondo,0,0,0
Temuulen Battulga,MGL,male,10/7/1988,1.83,124,judo,0,0,0
Teodorico Caporaso,ITA,male,9/14/1987,1.7,55,trackfield,0,0,0
Teofilo Gutierrez,COL,male,5/17/1985,1.8,82,soccer,0,0,0
Tero Pitkamaki,FIN,male,12/19/1982,1.95,94,trackfield,0,0,0
Tero Seppo Vaelimaeki,FIN,male,3/21/1982,1.7,73,wrestling,0,0,0
Teruya Goto,JPN,male,12/18/1991,1.77,82,rugby sevens,0,0,0
Teruyoshi Akiyama,JPN,male,12/25/1971,1.68,65,shooting,0,0,0
Thanackal Gopi,IND,male,5/24/1988,1.66,56,trackfield,0,0,0
Theo Piniau,PNG,male,6/8/1993,1.72,59,trackfield,0,0,0
Theodoros Iakovidis,GRE,male,2/12/1991,1.81,85,weightlifting,0,0,0
Theophile Onfroy,FRA,male,12/29/1992,1.89,82,rowing,0,0,0
Thiago Andre,BRA,male,8/4/1995,1.63,52,trackfield,0,0,0
Thiago Maia,BRA,male,3/23/1997,1.78,69,soccer,1,0,0
Thomas Boudat,FRA,male,2/24/1994,1.75,69,cycling,0,0,0
Thomas Dunstan,USA,male,9/29/1997,1.94,96,aquatics,0,0,0
Thomas Fabbiano,ITA,male,5/26/1989,1.73,70,tennis,0,0,0
Thomas Fraser-Holmes,AUS,male,10/9/1991,1.94,85,aquatics,0,0,0
Thomas Hagelskjar,DEN,male,2/4/1995,1.87,81,soccer,0,0,0
Thomas Jaeschke,USA,male,9/4/1993,1.98,84,volleyball,0,0,1
Thomas Mathis,AUT,male,4/25/1990,1.78,63,shooting,0,0,0
Thomas Pieters,BEL,male,1/27/1992,1.96,85,golf,0,0,0
Thomas Zajac,AUT,male,9/22/1985,1.8,77,sailing,0,0,1
Thorbjorn Olesen,DEN,male,12/21/1989,1.77,70,golf,0,0,0
Tien Minh Nguyen,VIE,male,2/12/1983,1.68,60,badminton,0,0,0
Tiidrek Nurme,EST,male,11/18/1985,1.84,70,trackfield,0,0,0
Tim Heijbrock,NED,male,10/28/1985,1.89,70,rowing,0,0,0
Tim Kneale,GBR,male,10/16/1982,1.82,76,shooting,0,0,0
Tim Mikkelson,NZL,male,8/13/1986,1.93,102,rugby sevens,0,0,0
Tim Nedow,CAN,male,10/16/1990,2,140,trackfield,0,0,0
Tim Schrijver,CAN,male,2/7/1992,2.03,104,rowing,0,0,0
Tim Wellens,BEL,male,5/10/1991,1.83,77,cycling,0,0,0
Timothey N'Guessan,FRA,male,9/18/1992,1.86,105,handball,0,1,0
Timur Oruz,GER,male,10/27/1994,1.86,87,hockey,0,0,1
Timur Safin,RUS,male,8/4/1992,1.82,82,fencing,1,0,1
Tobias Scherbarth,GER,male,8/17/1985,1.95,87,trackfield,0,0,0
Tom Bosworth,GBR,male,1/17/1990,1.78,54,trackfield,0,0,0
Tom Burton,AUS,male,6/27/1990,1.8,81,sailing,1,0,0
Tomas Stanek,CZE,male,6/13/1991,1.9,125,trackfield,0,0,0
Tomasz Kaczor,POL,male,8/4/1989,1.84,85,canoe,0,0,0
Tomasz Majewski,POL,male,8/30/1981,2.04,142,trackfield,0,0,0
Tomoya Miguchi,JPN,male,4/26/1986,1.8,67,modern pentathlon,0,0,0
Tomoyuki Matsuda,JPN,male,12/12/1975,1.74,73,shooting,0,0,0
Tonci Stipanovic,CRO,male,6/13/1986,1.78,81,sailing,0,1,0
Tony Azevedo,USA,male,11/20/1981,1.86,90,aquatics,0,0,0
Tony Dodds,NZL,male,6/16/1987,1.83,68,triathlon,0,0,0
Tony Martin,GER,male,4/23/1985,1.86,75,cycling,0,0,0
Tony Tuivuna,FIJ,male,3/20/1995,1.92,77,soccer,0,0,0
Torben Grimmel,DEN,male,11/23/1975,1.82,90,shooting,0,0,0
Triyatno,INA,male,12/20/1987,1.61,69,weightlifting,0,0,0
Troy Doris,GUY,male,4/12/1989,1.72,72,trackfield,0,0,0
Tsimafei Dzeinichenka,BLR,male,11/5/1986,1.86,98,wrestling,0,0,0
Tsukasa Shiotani,JPN,male,12/5/1988,1.82,80,soccer,0,0,0
Twan van Gendt,NED,male,6/9/1992,1.78,85,cycling,0,0,0
Tyler Mislawchuk,CAN,male,8/19/1994,1.72,59,triathlon,0,0,0
Tyler Nase,USA,male,8/30/1990,1.83,71,rowing,0,0,0
Tyler Sanders,CAN,male,12/14/1991,1.91,81,volleyball,0,0,0
Tze Liang Ooi,MAS,male,11/19/1993,1.7,68,aquatics,0,0,0
Uitumen Orgodol,MGL,male,4/29/1989,1.75,82,wrestling,0,0,0
Umutcan Emektas,TUR,male,6/29/1991,1.82,81,trackfield,0,0,0
Unurbat Purevjav,MGL,male,2/15/1988,1.7,80,wrestling,0,0,0
Uros Zorman,SLO,male,1/9/1980,1.9,98,handball,0,0,0
Ushangi Kokauri,AZE,male,1/10/1992,1.95,135,judo,0,0,0
Vadim Skorovarov,UZB,male,8/4/1996,1.77,67,shooting,0,0,0
Vahan Mkhitaryan,ARM,male,8/16/1996,1.86,92,aquatics,0,0,0
Vaipava Nevo Ioane,SAM,male,4/14/1988,1.52,62,weightlifting,0,0,0
Valent Sinkovic,CRO,male,8/2/1988,1.87,93,rowing,1,0,0
Valentino Gallo,ITA,male,7/17/1985,1.92,95,aquatics,0,0,1
Valerii Andriitsev,UKR,male,2/27/1987,1.81,97,wrestling,0,0,0
Vasek Pospisil,CAN,male,6/23/1990,1.94,87,tennis,0,0,0
Vasily Mosin,RUS,male,5/9/1972,1.83,70,shooting,0,0,0
Vasily Pogreban,RUS,male,6/26/1989,1.81,91,canoe,0,0,0
Vatemo Ravouvou,FIJ,male,7/31/1990,1.71,81,rugby sevens,1,0,0
Vazha Margvelashvili,GEO,male,10/3/1993,1.67,66,judo,0,0,0
Velimir Stjepanovic,SRB,male,8/7/1993,1.82,74,aquatics,0,0,0
Ventsislav Aydarski,BUL,male,2/17/1991,1.68,60,aquatics,0,0,0
Vesa Tornroos,FIN,male,9/2/1982,1.74,93,shooting,0,0,0
Victor Lebedev,RUS,male,3/10/1988,1.64,57,wrestling,0,0,0
Viktor Minibaev,RUS,male,7/18/1991,1.73,65,aquatics,0,0,0
Viktor Teply,CZE,male,10/19/1990,1.83,82,sailing,0,0,0
Viktor Troicki,SRB,male,2/10/1986,1.9,85,tennis,0,0,0
Vincent Gerard,FRA,male,12/16/1986,1.89,100,handball,0,1,0
Vincent Riendeau,CAN,male,12/13/1996,1.78,68,aquatics,0,0,0
Vitali Bubnovich,BLR,male,11/12/1974,1.69,70,shooting,0,0,0
Vitaly Fokeev,RUS,male,2/15/1974,1.8,45,shooting,0,0,0
Vitor Hugo dos Santos,BRA,male,2/1/1996,1.85,74,trackfield,0,0,0
Vlad-Dragos Aicoboae,ROU,male,10/10/1993,1.97,91,rowing,0,0,0
Vladimir Isakov,RUS,male,2/28/1970,1.78,83,shooting,0,0,0
Vladimir Issachenko,KAZ,male,12/27/1982,1.95,90,shooting,0,0,0
Vladimir Ivanov,RUS,male,7/3/1987,1.98,93,badminton,0,0,0
Vladimir Letnicov,MDA,male,10/7/1981,1.78,70,trackfield,0,0,0
Vladimir Malkov,RUS,male,4/9/1986,1.88,79,badminton,0,0,0
Vladimir Vladimirov Dubov,BUL,male,2/20/1988,1.56,64,wrestling,0,0,0
Vladislav Ryabcev,RUS,male,12/13/1987,1.96,96,rowing,0,0,0
Vladyslav Hryko,UKR,male,1/25/1997,1.69,57,gymnastics,0,0,0
Vyron Kokkalanis,GRE,male,8/19/1985,1.86,75,sailing,0,0,0
Wael Jallouz,TUN,male,5/3/1991,1.97,105,handball,0,0,0
Walace,BRA,male,4/4/1995,1.88,75,soccer,1,0,0
Wannes van Laer,BEL,male,3/5/1985,1.81,81,sailing,0,0,0
Wee Kiong Tan,MAS,male,5/21/1989,1.77,77,badminton,0,1,0
Wei Hong,CHN,male,10/4/1989,1.92,86,badminton,0,0,0
Wei Sun,CHN,male,10/27/1992,1.93,69,fencing,0,0,0
Wei Wang,CHN,male,7/7/1988,1.8,70,sailing,0,0,0
Wei Yu,CHN,male,9/11/1987,1.8,55,trackfield,0,0,0
Wilfried Bingangoye,GAB,male,3/25/1985,1.72,80,trackfield,0,0,0
Will Fletcher,GBR,male,12/24/1989,1.86,73,rowing,0,0,0
William Satch,GBR,male,6/9/1989,1.98,100,rowing,1,0,0
William Tesillo,COL,male,2/2/1990,1.86,76,soccer,0,0,0
Willie Ambaka,KEN,male,5/14/1990,1.93,100,rugby sevens,0,0,0
Wilmar Barrios,COL,male,10/16/1993,1.79,74,soccer,0,0,0
Winston George,GUY,male,5/19/1987,1.67,66,trackfield,0,0,0
Wissem Hosni,TUN,male,3/8/1985,1.75,57,trackfield,0,0,0
Witoon Mingmoon,THA,male,2/10/1996,1.57,56,weightlifting,0,0,0
Woojin Kim,KOR,male,6/20/1992,1.8,95,archery,1,0,0
Woongtae Jun,KOR,male,8/1/1995,1.75,66,modern pentathlon,0,0,0
Xaysa Anousone,LAO,male,3/20/1994,1.8,65,trackfield,0,0,0
Xiang Li,CHN,male,7/2/1993,1.91,85,aquatics,0,0,0
Xin Xu,CHN,male,1/8/1990,1.8,67,table tennis,1,0,0
Xin Yan,AUS,male,12/9/1988,1.8,75,table tennis,0,0,0
Xingqiang Tang,CHN,male,8/11/1995,1.7,61,trackfield,0,0,0
Xuan Vinh Hoang,VIE,male,10/6/1974,1.75,75,shooting,1,1,0
Xunzhao Cheng,CHN,male,2/9/1991,1.85,90,judo,0,0,1
Yaaqoub Alsaadi,UAE,male,6/13/1996,1.75,62,aquatics,0,0,0
Yang Fan,CHN,male,1/3/1990,1.83,78,cycling,0,0,0
Yanic Gentry Torfer,MEX,male,2/20/1991,1.84,82,sailing,0,0,0
Yauhen Tsurkin,BLR,male,12/9/1990,1.82,77,aquatics,0,0,0
Yehia Elderaa,EGY,male,7/17/1995,1.86,82,handball,0,0,0
Yeison Rivas,COL,male,9/24/1987,1.73,66,trackfield,0,0,0
Yevgeniy Labutov,KAZ,male,11/17/1984,1.94,120,trackfield,0,0,0
Ygor Coelho de Oliveira,BRA,male,11/24/1996,1.83,78,badminton,0,0,0
Yixuan Hu,CHN,male,10/23/1994,1.85,83,aquatics,0,0,0
Yoandys Lescay,CUB,male,1/5/1994,1.81,77,trackfield,0,0,0
Yoann Kowal,FRA,male,5/28/1987,1.72,58,trackfield,0,0,0
Yoelmis Hernandez Paumier,CUB,male,4/25/1986,1.68,84,weightlifting,0,0,0
Yogeshwar Dutt,IND,male,11/2/1982,1.68,65,wrestling,0,0,0
Yonas Kinde,ROT,male,5/7/1980,1.72,57,trackfield,0,0,0
Yongwoo Park,KOR,male,9/10/1993,1.86,80,soccer,0,0,0
Yordan L. O'Farrill,CUB,male,2/9/1993,1.83,72,trackfield,0,0,0
Younes Essalhi,MAR,male,2/20/1993,1.8,64,trackfield,0,0,0
Youngjun Byun,KOR,male,3/20/1984,1.75,59,trackfield,0,0,0
Youngsik Jeoung,KOR,male,1/20/1992,1.82,65,table tennis,0,0,0
Yousef Mirza Banihammad,UAE,male,10/8/1988,1.76,60,cycling,0,0,0
Youssef Selim,EGY,male,12/14/1997,1.65,88,aquatics,0,0,0
Youxue Mo,CHN,male,2/10/1996,1.8,65,trackfield,0,0,0
Yucheng Han,CHN,male,12/16/1978,1.78,55,trackfield,0,0,0
Yue Lin,CHN,male,7/24/1991,1.64,58,aquatics,1,0,0
Yuhan Tan,BEL,male,4/21/1987,1.82,74,badminton,0,0,0
Yuri Floriani,ITA,male,12/25/1981,1.8,64,trackfield,0,0,0
Yuri van Gelder,NED,male,4/20/1983,1.61,63,gymnastics,0,0,0
Yusaku Kuwazuru,JPN,male,10/23/1985,1.88,98,rugby sevens,0,0,0
Yusuf Dikec,TUR,male,1/1/1973,1.8,80,shooting,0,0,0
Yusuke Shimizu,JPN,male,9/7/1988,1.81,93,aquatics,0,0,0
Zack Piontek,RSA,male,1/27/1991,1.81,90,judo,0,0,0
Zaza Nadiradze,GEO,male,9/2/1993,1.77,85,canoe,0,0,0
Zbigniew Mateusz Baranowski,POL,male,7/2/1991,1.8,86,wrestling,0,0,0
Zelimkhan Khadjiev,FRA,male,5/20/1994,1.75,80,wrestling,0,0,0
Zeyad Mater,YEM,male,12/18/1991,1.74,73,judo,0,0,0
Zhe Yang,CHN,male,7/14/1991,1.87,105,weightlifting,0,0,0
Zhiwen He,ESP,male,5/31/1962,1.73,73,table tennis,0,0,0
Zibei Yan,CHN,male,10/12/1995,1.9,75,aquatics,0,0,0
Zigismunds Sirmais,LAT,male,5/6/1992,1.9,95,trackfield,0,0,0
Zouhair Aouad,BRN,male,4/7/1989,1.75,69,trackfield,0,0,0
